date,ordinary_shares_number,share_issued,net_debt,total_debt,tangible_book_value,invested_capital,working_capital,net_tangible_assets,capital_lease_obligations,common_stock_equity,total_capitalization,total_equity_gross_minority_interest,stockholders_equity,gains_losses_not_affecting_retained_earnings,other_equity_adjustments,retained_earnings,capital_stock,common_stock,total_liabilities_net_minority_interest,total_non_current_liabilities_net_minority_interest,other_non_current_liabilities,tradeand_other_payables_non_current,non_current_deferred_liabilities,non_current_deferred_revenue,non_current_deferred_taxes_liabilities,long_term_debt_and_capital_lease_obligation,long_term_capital_lease_obligation,long_term_debt,current_liabilities,other_current_liabilities,current_deferred_liabilities,current_deferred_revenue,current_debt_and_capital_lease_obligation,current_debt,pensionand_other_post_retirement_benefit_plans_current,payables_and_accrued_expenses,payables,total_tax_payable,income_tax_payable,accounts_payable,total_assets,total_non_current_assets,other_non_current_assets,investments_and_advances,long_term_equity_investment,goodwill_and_other_intangible_assets,other_intangible_assets,goodwill,net_ppe,accumulated_depreciation,gross_ppe,leases,other_properties,machinery_furniture_equipment,buildings_and_improvements,land_and_improvements,properties,current_assets,other_current_assets,hedging_assets_current,inventory,finished_goods,work_in_process,raw_materials,receivables,accounts_receivable,allowance_for_doubtful_accounts_receivable,gross_accounts_receivable,cash_cash_equivalents_and_short_term_investments,other_short_term_investments,cash_and_cash_equivalents,cash_equivalents,cash_financial,ticker,treasury_shares_number,current_capital_lease_obligation,other_current_borrowings,commercial_paper,non_current_deferred_assets,non_current_deferred_taxes_assets,other_investments,investmentin_financial_assets,available_for_sale_securities,other_receivables,minority_interest,preferred_stock,derivative_product_liabilities,construction_in_progress,prepaid_assets,treasury_stock,additional_paid_in_capital,current_accrued_expenses,inventories_adjustments_allowances,other_inventories,investments_in_other_ventures_under_equity_method,receivables_adjustments_allowances,loans_receivable,employee_benefits,current_provisions,interest_payable,other_payable,non_current_prepaid_assets,preferred_securities_outside_stock_equity,financial_assets,trading_securities,assets_held_for_sale_current,dueto_related_parties_current,duefrom_related_parties_current,non_current_accrued_expenses,long_term_provisions,line_of_credit,taxes_receivable,preferred_shares_number,preferred_stock_equity,held_to_maturity_securities,cash_cash_equivalents_and_federal_funds_sold,liabilities_heldfor_sale_non_current,current_deferred_assets,financial_assets_designatedas_fair_value_through_profitor_loss_total,restricted_cash,other_equity_interest,non_current_pension_and_other_postretirement_benefit_plans,dividends_payable,foreign_currency_translation_adjustments,minimum_pension_liabilities,unrealized_gain_loss,non_current_note_receivables,non_current_accounts_receivable,defined_pension_benefit
2024-06-30,7434000000.0,7434000000.0,33315000000.0,67127000000.0,121660000000.0,320107000000.0,34448000000.0,121660000000.0,15497000000.0,268477000000.0,311165000000.0,268477000000.0,268477000000.0,-5590000000.0,-5590000000.0,173144000000.0,100923000000.0,100923000000.0,243686000000.0,118400000000.0,27064000000.0,27931000000.0,5220000000.0,2602000000.0,2618000000.0,58185000000.0,15497000000.0,42688000000.0,125286000000.0,19185000000.0,57582000000.0,57582000000.0,8942000000.0,8942000000.0,12564000000.0,27013000000.0,27013000000.0,5017000000.0,5017000000.0,21996000000.0,512163000000.0,352429000000.0,36460000000.0,14600000000.0,14600000000.0,146817000000.0,27597000000.0,119220000000.0,154552000000.0,-76421000000.0,230973000000.0,9594000000.0,18961000000.0,100312000000.0,93943000000.0,8163000000.0,0.0,159734000000.0,26021000000.0,12000000.0,1246000000.0,845000000.0,7000000.0,394000000.0,56924000000.0,56924000000.0,-830000000.0,57754000000.0,75531000000.0,57216000000.0,18315000000.0,6744000000.0,11571000000.0,MSFT,,,,,,,,,,,,,,,,,,,,,,,,,,,,,,,,,,,,,,,,,,,,,,,,,,,,,,,
2023-06-30,7432000000.0,7432000000.0,12533000000.0,59965000000.0,128971000000.0,253460000000.0,80108000000.0,128971000000.0,12728000000.0,206223000000.0,248213000000.0,206223000000.0,206223000000.0,-6343000000.0,-6343000000.0,118848000000.0,93718000000.0,93718000000.0,205753000000.0,101604000000.0,17981000000.0,25560000000.0,3345000000.0,2912000000.0,433000000.0,54718000000.0,12728000000.0,41990000000.0,104149000000.0,14745000000.0,50901000000.0,50901000000.0,5247000000.0,5247000000.0,11009000000.0,22247000000.0,22247000000.0,4152000000.0,4152000000.0,18095000000.0,411976000000.0,227719000000.0,30601000000.0,9879000000.0,9879000000.0,77252000000.0,9366000000.0,67886000000.0,109987000000.0,-68251000000.0,178238000000.0,8537000000.0,14346000000.0,81207000000.0,68465000000.0,5683000000.0,0.0,184257000000.0,21807000000.0,6000000.0,2500000000.0,1768000000.0,23000000.0,709000000.0,48688000000.0,48688000000.0,-650000000.0,49338000000.0,111256000000.0,76552000000.0,34704000000.0,26226000000.0,8478000000.0,MSFT,,,,,,,,,,,,,,,,,,,,,,,,,,,,,,,,,,,,,,,,,,,,,,,,,,,,,,,
2022-06-30,7464000000.0,7464000000.0,35850000000.0,61270000000.0,87720000000.0,216323000000.0,74602000000.0,87720000000.0,11489000000.0,166542000000.0,213574000000.0,166542000000.0,166542000000.0,-4678000000.0,-4678000000.0,84281000000.0,86939000000.0,86939000000.0,198298000000.0,103216000000.0,15526000000.0,26069000000.0,3100000000.0,2870000000.0,230000000.0,58521000000.0,11489000000.0,47032000000.0,95082000000.0,13067000000.0,45538000000.0,45538000000.0,2749000000.0,2749000000.0,10661000000.0,23067000000.0,23067000000.0,4067000000.0,4067000000.0,19000000000.0,364840000000.0,195156000000.0,21897000000.0,6891000000.0,6891000000.0,78822000000.0,11298000000.0,67524000000.0,87546000000.0,-59660000000.0,147206000000.0,7819000000.0,13148000000.0,66491000000.0,55014000000.0,4734000000.0,0.0,169684000000.0,16924000000.0,8000000.0,3742000000.0,2516000000.0,82000000.0,1144000000.0,44261000000.0,44261000000.0,-633000000.0,44894000000.0,104749000000.0,90818000000.0,13931000000.0,5673000000.0,8258000000.0,MSFT,,,,,,,,,,,,,,,,,,,,,,,,,,,,,,,,,,,,,,,,,,,,,,,,,,,,,,,
2021-06-30,7519000000.0,7519000000.0,43922000000.0,67775000000.0,84477000000.0,200134000000.0,95749000000.0,84477000000.0,9629000000.0,141988000000.0,192062000000.0,141988000000.0,141988000000.0,1822000000.0,1822000000.0,57055000000.0,83111000000.0,83111000000.0,191791000000.0,103134000000.0,13427000000.0,27190000000.0,2814000000.0,2616000000.0,198000000.0,59703000000.0,9629000000.0,50074000000.0,88657000000.0,11666000000.0,41525000000.0,41525000000.0,8072000000.0,8072000000.0,10057000000.0,17337000000.0,17337000000.0,2174000000.0,2174000000.0,15163000000.0,333779000000.0,149373000000.0,15075000000.0,5984000000.0,5984000000.0,57511000000.0,7800000000.0,49711000000.0,70803000000.0,-51351000000.0,122154000000.0,6884000000.0,11088000000.0,56594000000.0,43928000000.0,3660000000.0,0.0,184406000000.0,13393000000.0,78000000.0,2636000000.0,1367000000.0,79000000.0,1190000000.0,38043000000.0,38043000000.0,-751000000.0,38794000000.0,130256000000.0,116032000000.0,14224000000.0,6952000000.0,7272000000.0,MSFT,,,,,,,,,,,,,,,,,,,,,,,,,,,,,,,,,,,,,,,,,,,,,,,,,,,,,,,
2024-09-30,15116786000.0,15116786000.0,76686000000.0,106629000000.0,56950000000.0,163579000000.0,-23405000000.0,56950000000.0,,56950000000.0,142700000000.0,56950000000.0,56950000000.0,-7172000000.0,-7172000000.0,-19154000000.0,83276000000.0,83276000000.0,308030000000.0,131638000000.0,36634000000.0,9254000000.0,,,,85750000000.0,,85750000000.0,176392000000.0,51703000000.0,8249000000.0,8249000000.0,20879000000.0,20879000000.0,,95561000000.0,95561000000.0,26601000000.0,26601000000.0,68960000000.0,364980000000.0,211993000000.0,55335000000.0,91479000000.0,,,,,45680000000.0,-73448000000.0,119128000000.0,14233000000.0,,80205000000.0,,24690000000.0,0.0,152987000000.0,14287000000.0,,7286000000.0,,,,66243000000.0,33410000000.0,,,65171000000.0,35228000000.0,29943000000.0,2744000000.0,27199000000.0,AAPL,,,10912000000.0,9967000000.0,19499000000.0,19499000000.0,,91479000000.0,91479000000.0,32833000000.0,,,,,,,,,,,,,,,,,,,,,,,,,,,,,,,,,,,,,,,,,,,,,
2023-09-30,15550061000.0,15550061000.0,81123000000.0,111088000000.0,62146000000.0,173234000000.0,-1742000000.0,62146000000.0,12842000000.0,62146000000.0,157427000000.0,62146000000.0,62146000000.0,-11452000000.0,-11452000000.0,-214000000.0,73812000000.0,73812000000.0,290437000000.0,145129000000.0,34391000000.0,15457000000.0,,,,95281000000.0,11267000000.0,95281000000.0,145308000000.0,50010000000.0,8061000000.0,8061000000.0,15807000000.0,15807000000.0,,71430000000.0,71430000000.0,8819000000.0,8819000000.0,62611000000.0,352583000000.0,209017000000.0,46906000000.0,100544000000.0,,,,,43715000000.0,-70884000000.0,114599000000.0,12839000000.0,10661000000.0,78314000000.0,,23446000000.0,0.0,143566000000.0,14695000000.0,,6331000000.0,,,,60985000000.0,29508000000.0,,,61555000000.0,31590000000.0,29965000000.0,1606000000.0,28359000000.0,AAPL,0.0,1575000000.0,9822000000.0,5985000000.0,17852000000.0,17852000000.0,,100544000000.0,100544000000.0,31477000000.0,,,,,,,,,,,,,,,,,,,,,,,,,,,,,,,,,,,,,,,,,,,,,
2022-09-30,15943425000.0,15943425000.0,96423000000.0,132480000000.0,50672000000.0,170741000000.0,-18577000000.0,50672000000.0,12411000000.0,50672000000.0,149631000000.0,50672000000.0,50672000000.0,-11109000000.0,-11109000000.0,-3068000000.0,64849000000.0,64849000000.0,302083000000.0,148101000000.0,21737000000.0,16657000000.0,,,,109707000000.0,10748000000.0,98959000000.0,153982000000.0,52630000000.0,7912000000.0,7912000000.0,22773000000.0,21110000000.0,,70667000000.0,70667000000.0,6552000000.0,6552000000.0,64115000000.0,352755000000.0,217350000000.0,28636000000.0,120805000000.0,,,,,52534000000.0,-72340000000.0,124874000000.0,11271000000.0,10417000000.0,81060000000.0,,22126000000.0,0.0,135405000000.0,21223000000.0,,4946000000.0,,,,60932000000.0,28184000000.0,,,48304000000.0,24658000000.0,23646000000.0,5100000000.0,18546000000.0,AAPL,,1663000000.0,11128000000.0,9982000000.0,15375000000.0,15375000000.0,120805000000.0,120805000000.0,120805000000.0,32748000000.0,,,,,,,,,,,,,,,,,,,,,,,,,,,,,,,,,,,,,,,,,,,,,
2021-09-30,16426786000.0,16426786000.0,89779000000.0,136522000000.0,63090000000.0,187809000000.0,9355000000.0,63090000000.0,11803000000.0,63090000000.0,172196000000.0,63090000000.0,63090000000.0,163000000.0,163000000.0,5562000000.0,57365000000.0,57365000000.0,287912000000.0,162431000000.0,18361000000.0,24689000000.0,,,,119381000000.0,10275000000.0,109106000000.0,125481000000.0,45965000000.0,7612000000.0,7612000000.0,17141000000.0,15613000000.0,,54763000000.0,54763000000.0,,,54763000000.0,351002000000.0,216166000000.0,38762000000.0,127877000000.0,,,,,49527000000.0,-70283000000.0,119810000000.0,11023000000.0,10087000000.0,78659000000.0,,20041000000.0,0.0,134836000000.0,14111000000.0,,6580000000.0,,,,51506000000.0,26278000000.0,,,62639000000.0,27699000000.0,34940000000.0,17635000000.0,17305000000.0,AAPL,,1528000000.0,9613000000.0,6000000000.0,,,127877000000.0,127877000000.0,127877000000.0,25228000000.0,,,,,,,,,,,,,,,,,,,,,,,,,,,,,,,,,,,,,,,,,,,,,
2020-09-30,,,,,,,,,9842000000.0,,,,,,,,,,,,,,,,,,8382000000.0,,,,,,,,,,,,,,,,,,,,,,,,,,8570000000.0,,,,,,,,,,,,,,,,,,,,,AAPL,,1460000000.0,,,,,100887000000.0,,,,,,,,,,,,,,,,,,,,,,,,,,,,,,,,,,,,,,,,,,,,,,,,
2024-05-31,2755000000.0,2755000000.0,76415000000.0,86869000000.0,-60416000000.0,95573000000.0,-8990000000.0,-60416000000.0,,8704000000.0,84968000000.0,9239000000.0,8704000000.0,-1432000000.0,-1432000000.0,-22628000000.0,32764000000.0,32764000000.0,131737000000.0,100193000000.0,9420000000.0,10817000000.0,3692000000.0,,3692000000.0,76264000000.0,,76264000000.0,31544000000.0,7353000000.0,9313000000.0,9313000000.0,10605000000.0,10605000000.0,1916000000.0,2357000000.0,2357000000.0,,,2357000000.0,140976000000.0,118422000000.0,15493000000.0,,,69120000000.0,6890000000.0,62230000000.0,21536000000.0,-13282000000.0,34818000000.0,,,21452000000.0,6493000000.0,1239000000.0,0.0,22554000000.0,4019000000.0,,,,,,7874000000.0,7874000000.0,-485000000.0,8359000000.0,10661000000.0,207000000.0,10454000000.0,,,ORCL,,,,,12273000000.0,12273000000.0,,,,,535000000.0,0.0,,5634000000.0,,,,,,,,,,,,,,,,,,,,,,,,,,,,,,,,,,,,,,,,,
2023-05-31,2713000000.0,2713000000.0,80716000000.0,90481000000.0,-71025000000.0,91554000000.0,-2086000000.0,-71025000000.0,,1073000000.0,87493000000.0,1556000000.0,1073000000.0,-1522000000.0,-1522000000.0,-27620000000.0,30215000000.0,30215000000.0,132828000000.0,109738000000.0,6469000000.0,11077000000.0,5772000000.0,,5772000000.0,86420000000.0,,86420000000.0,23090000000.0,6802000000.0,8970000000.0,8970000000.0,4061000000.0,4061000000.0,2053000000.0,1204000000.0,1204000000.0,,,1204000000.0,134384000000.0,113380000000.0,11987000000.0,,,72098000000.0,9837000000.0,62261000000.0,17069000000.0,-11605000000.0,28674000000.0,,,17705000000.0,5880000000.0,1243000000.0,0.0,21004000000.0,3902000000.0,,,,,,6915000000.0,6915000000.0,-428000000.0,7343000000.0,10187000000.0,422000000.0,9765000000.0,,,ORCL,,,4061000000.0,,12226000000.0,12226000000.0,,,,,483000000.0,0.0,-52000000.0,3846000000.0,,,,,,,,,,,,,,,,,,,,,,,,,,,,,,,,,,,,,,,,,
2022-05-31,2665000000.0,2665000000.0,54499000000.0,75882000000.0,-51471000000.0,69662000000.0,12122000000.0,-51471000000.0,,-6220000000.0,65913000000.0,-5768000000.0,-6220000000.0,-1692000000.0,-1692000000.0,-31336000000.0,26808000000.0,26808000000.0,115065000000.0,95554000000.0,5203000000.0,12210000000.0,6031000000.0,,6031000000.0,72133000000.0,,72133000000.0,19511000000.0,4144000000.0,8357000000.0,8357000000.0,3749000000.0,3749000000.0,1944000000.0,1317000000.0,1317000000.0,,,1317000000.0,109297000000.0,77664000000.0,9915000000.0,,,45251000000.0,1440000000.0,43811000000.0,9716000000.0,-9958000000.0,19674000000.0,,,13267000000.0,4729000000.0,1166000000.0,0.0,31633000000.0,3778000000.0,,,,,,5953000000.0,5953000000.0,-362000000.0,6315000000.0,21902000000.0,519000000.0,21383000000.0,,,ORCL,,,3749000000.0,,12782000000.0,12782000000.0,,,,,452000000.0,0.0,-23000000.0,512000000.0,3778000000.0,,,,,,,,,,,,,,,,,,,,,,,,,,,,,,,,,,,,,,,,
2021-05-31,2814000000.0,2814000000.0,54147000000.0,84245000000.0,-41127000000.0,89483000000.0,31403000000.0,-41127000000.0,,5238000000.0,81233000000.0,5952000000.0,5238000000.0,-1175000000.0,-1175000000.0,-20120000000.0,26533000000.0,26533000000.0,125155000000.0,100991000000.0,4787000000.0,12345000000.0,7864000000.0,,7864000000.0,75995000000.0,,75995000000.0,24164000000.0,4377000000.0,8775000000.0,8775000000.0,8250000000.0,8250000000.0,2017000000.0,745000000.0,745000000.0,,,745000000.0,131107000000.0,75540000000.0,8490000000.0,,,46365000000.0,2430000000.0,43935000000.0,7049000000.0,-8751000000.0,15800000000.0,,,9962000000.0,4734000000.0,871000000.0,0.0,55567000000.0,3604000000.0,,,,,,5409000000.0,5409000000.0,-373000000.0,5782000000.0,46554000000.0,16456000000.0,30098000000.0,,,ORCL,,,8250000000.0,,13636000000.0,13636000000.0,,,,,714000000.0,0.0,,233000000.0,3604000000.0,,,,,,,,,,,,,,,,,,,,,,,,,,,,,,,,,,,,,,,,
2020-05-31,,,,,,,,,,,,,,,,,,,,,,,,,,,,,,,,,,,,,,,,,,,,,,,,,,,,,,,,,,,,,,,,,,,,,,,,,,ORCL,,,2371000000.0,,,,,,,,,,,,3532000000.0,,,,,,,,,,,,,,,,,,,,,,,,,,,,,,,,,,,,,,,,
2023-12-31,10383000000.0,10898000000.0,,135611000000.0,171399000000.0,260189000000.0,7434000000.0,171399000000.0,77297000000.0,201875000000.0,260189000000.0,201875000000.0,201875000000.0,-3040000000.0,-3040000000.0,113618000000.0,109000000.0,109000000.0,325979000000.0,161062000000.0,25451000000.0,,,,,135611000000.0,77297000000.0,58314000000.0,164917000000.0,,15227000000.0,15227000000.0,,,,149690000000.0,84981000000.0,,,84981000000.0,527854000000.0,355503000000.0,48337000000.0,,,30476000000.0,7687000000.0,22789000000.0,276690000000.0,-120111000000.0,396801000000.0,,262668000000.0,,,105293000000.0,105293000000.0,172351000000.0,,,33318000000.0,,,,52253000000.0,52253000000.0,-1700000000.0,53953000000.0,86780000000.0,13393000000.0,73387000000.0,,,AMZN,515000000.0,,,,,,,,,,,0.0,,28840000000.0,,7837000000.0,99025000000.0,64709000000.0,-3000000000.0,36318000000.0,,,,,,,,,,,,,,,,,,,,,,,,,,,,,,,,,,,
2022-12-31,10242000000.0,10757000000.0,13262000000.0,140118000000.0,119658000000.0,213193000000.0,-8602000000.0,119658000000.0,72968000000.0,146043000000.0,213193000000.0,146043000000.0,146043000000.0,-4487000000.0,-4487000000.0,83193000000.0,108000000.0,108000000.0,316632000000.0,161239000000.0,21121000000.0,,,,,140118000000.0,72968000000.0,67150000000.0,155393000000.0,,13227000000.0,13227000000.0,,,,142166000000.0,79600000000.0,,,79600000000.0,462675000000.0,315884000000.0,36661000000.0,,,26385000000.0,6097000000.0,20288000000.0,252838000000.0,-97015000000.0,349853000000.0,,228183000000.0,,,91650000000.0,91650000000.0,146791000000.0,,,34405000000.0,,,,42360000000.0,42360000000.0,-1400000000.0,43760000000.0,70026000000.0,16138000000.0,53888000000.0,,,AMZN,515000000.0,,,,,,,,,,,0.0,,30020000000.0,,7837000000.0,75066000000.0,62566000000.0,-2800000000.0,37205000000.0,,,,,,,,,,,,,,,,,,,,,,,,,,,,,,,,,,,
2021-12-31,10180000000.0,10640000000.0,12524000000.0,116395000000.0,117767000000.0,186989000000.0,19314000000.0,117767000000.0,67651000000.0,138245000000.0,186989000000.0,138245000000.0,138245000000.0,-1376000000.0,-1376000000.0,85915000000.0,106000000.0,106000000.0,282304000000.0,140038000000.0,23643000000.0,,,,,116395000000.0,67651000000.0,48744000000.0,142266000000.0,,11827000000.0,11827000000.0,,,,130439000000.0,78664000000.0,,,78664000000.0,420549000000.0,258969000000.0,22128000000.0,,,20478000000.0,5107000000.0,15371000000.0,216363000000.0,-78519000000.0,294882000000.0,,188883000000.0,128683000000.0,,81104000000.0,81104000000.0,161580000000.0,,,32640000000.0,32640000000.0,,,32891000000.0,32891000000.0,-1100000000.0,33991000000.0,96049000000.0,59829000000.0,36220000000.0,,,AMZN,460000000.0,,,,,,,,,,,0.0,,24895000000.0,,1837000000.0,55437000000.0,51775000000.0,-2600000000.0,35240000000.0,,,,,,,,,,,,,,,,,,,,,,,,,,,,,,,,,,,
2020-12-31,10060000000.0,10540000000.0,,84389000000.0,73406000000.0,125220000000.0,6348000000.0,73406000000.0,52573000000.0,93404000000.0,125220000000.0,93404000000.0,93404000000.0,-180000000.0,-180000000.0,52551000000.0,5000000.0,5000000.0,227791000000.0,101406000000.0,17017000000.0,,,,,84389000000.0,52573000000.0,31816000000.0,126385000000.0,,9708000000.0,9708000000.0,,,,116677000000.0,72539000000.0,,,72539000000.0,321195000000.0,188462000000.0,17797000000.0,,,19998000000.0,4981000000.0,15017000000.0,150667000000.0,-60434000000.0,211101000000.0,,138549000000.0,97224000000.0,,57324000000.0,57324000000.0,132733000000.0,,,23795000000.0,23795000000.0,,,24542000000.0,24542000000.0,-1100000000.0,25642000000.0,84396000000.0,42274000000.0,42122000000.0,,,AMZN,480000000.0,,,,,,,,,,,0.0,,15228000000.0,,1837000000.0,42865000000.0,44138000000.0,-2300000000.0,26095000000.0,,,,,,,,,,,,,,,,,,,,,,,,,,,,,,,,,,,
2023-12-31,1441483.0,1658096.0,90249000000.0,128271000000.0,447320000000.0,689544000000.0,,447320000000.0,,561273000000.0,684209000000.0,570770000000.0,561273000000.0,-3763000000.0,-3763000000.0,607350000000.0,8000000.0,8000000.0,499208000000.0,,,,93009000000.0,,93009000000.0,122936000000.0,,122936000000.0,,,,,5335000000.0,5335000000.0,,54863000000.0,,,,,1069978000000.0,,,536285000000.0,29066000000.0,113953000000.0,29327000000.0,84626000000.0,216593000000.0,,,,,,,,,,,,,,,,51260000000.0,46595000000.0,,,167641000000.0,129619000000.0,38022000000.0,,,BRK-B,216613.0,,5335000000.0,,,,,,,5497000000.0,9497000000.0,,,,,76802000000.0,34480000000.0,,,,29066000000.0,-832000000.0,,,,,,,,,,,,,,,,,,,,,,,,,,,,,,,,,
2022-12-31,1459733.0,1658095.0,86933000000.0,122744000000.0,366118000000.0,596168000000.0,,366118000000.0,,473424000000.0,593739000000.0,481681000000.0,473424000000.0,-5052000000.0,-5052000000.0,511127000000.0,8000000.0,8000000.0,466784000000.0,,,,77368000000.0,,77368000000.0,120315000000.0,,120315000000.0,,,,,2429000000.0,2429000000.0,,49816000000.0,,,,,948465000000.0,,,454745000000.0,28050000000.0,107306000000.0,29187000000.0,78119000000.0,196965000000.0,,,,,,,,,,,,,,,,48285000000.0,44193000000.0,,,128585000000.0,92774000000.0,35811000000.0,,,BRK-B,198362.0,,2429000000.0,,,,,,,4908000000.0,8257000000.0,,,,,67826000000.0,35167000000.0,,,,28050000000.0,-816000000.0,,,,,,,,,,,,,,,,,,,,,,,,,,,,,,,,,
2021-12-31,1477429.0,1658095.0,26078000000.0,114262000000.0,403838000000.0,620461000000.0,,403838000000.0,,506199000000.0,618110000000.0,514930000000.0,506199000000.0,-4027000000.0,-4027000000.0,534421000000.0,8000000.0,8000000.0,443854000000.0,,,,90243000000.0,,90243000000.0,111911000000.0,,111911000000.0,,,,,2351000000.0,2351000000.0,,46072000000.0,,,,,958784000000.0,,,441733000000.0,16045000000.0,102361000000.0,28486000000.0,73875000000.0,191282000000.0,,,,,,,,,,,,,,,,39565000000.0,36599000000.0,,,146719000000.0,58535000000.0,88184000000.0,,,BRK-B,180666.0,,2351000000.0,,,,,,,3796000000.0,8731000000.0,,,,,59795000000.0,35592000000.0,,,,16045000000.0,-830000000.0,,,,,,,,,,,,,,,,,,,,,,,,,,,,,,,,,
2020-12-31,1543960.0,1658096.0,68905000000.0,116895000000.0,339968000000.0,560059000000.0,,339968000000.0,,443164000000.0,556711000000.0,451336000000.0,443164000000.0,-4243000000.0,-4243000000.0,444626000000.0,8000000.0,8000000.0,422393000000.0,,,,74098000000.0,,74098000000.0,113547000000.0,,113547000000.0,,,,,3348000000.0,3348000000.0,,45568000000.0,,,,,873729000000.0,,,409183000000.0,17303000000.0,103196000000.0,29462000000.0,73734000000.0,187017000000.0,,,,,,,,,,,,,,,,35852000000.0,33893000000.0,,,138290000000.0,90300000000.0,47990000000.0,,,BRK-B,114136.0,,3348000000.0,,,,,,,2637000000.0,8172000000.0,,1065000000.0,,,32853000000.0,35626000000.0,,,,17303000000.0,-678000000.0,19201000000.0,,,,,,,,,,,,,,,,,,,,,,,,,,,,,,,,
2024-01-31,24640000000.0,24640000000.0,2429000000.0,11056000000.0,37436000000.0,52687000000.0,33714000000.0,37436000000.0,1347000000.0,42978000000.0,51437000000.0,42978000000.0,42978000000.0,27000000.0,27000000.0,29817000000.0,2000000.0,2000000.0,22750000000.0,12119000000.0,65000000.0,1441000000.0,1035000000.0,573000000.0,462000000.0,9578000000.0,1119000000.0,8459000000.0,10631000000.0,199000000.0,764000000.0,764000000.0,1478000000.0,1250000000.0,,7775000000.0,2995000000.0,296000000.0,,2699000000.0,65728000000.0,21383000000.0,132000000.0,1546000000.0,,5542000000.0,1112000000.0,4430000000.0,5260000000.0,-3509000000.0,8769000000.0,,1346000000.0,5200000000.0,1816000000.0,218000000.0,0.0,44345000000.0,3080000000.0,,5282000000.0,2058000000.0,1505000000.0,1719000000.0,9999000000.0,9999000000.0,,,25984000000.0,18704000000.0,7280000000.0,,,NVDA,,228000000.0,1250000000.0,,6081000000.0,6081000000.0,1546000000.0,,,,,0.0,,189000000.0,,,13132000000.0,4780000000.0,,,,,,,415000000.0,,,2822000000.0,,,,,,,,,,,,,,,,,,,,,,,,,,,
2023-01-31,24661365720.0,24661365720.0,7564000000.0,12031000000.0,16053000000.0,33054000000.0,16510000000.0,16053000000.0,1078000000.0,22101000000.0,31804000000.0,22101000000.0,22101000000.0,-43000000.0,-43000000.0,10171000000.0,2000000.0,2000000.0,19081000000.0,12518000000.0,63000000.0,1385000000.0,465000000.0,218000000.0,247000000.0,10605000000.0,902000000.0,9703000000.0,6563000000.0,69000000.0,354000000.0,354000000.0,1426000000.0,1250000000.0,,4606000000.0,1660000000.0,467000000.0,,1193000000.0,41182000000.0,18109000000.0,145000000.0,299000000.0,,6048000000.0,1676000000.0,4372000000.0,4845000000.0,-2694000000.0,7539000000.0,,1038000000.0,4303000000.0,1598000000.0,218000000.0,0.0,23073000000.0,791000000.0,,5159000000.0,2263000000.0,466000000.0,2430000000.0,3827000000.0,3827000000.0,,,13296000000.0,9907000000.0,3389000000.0,,,NVDA,,176000000.0,1250000000.0,,3396000000.0,3396000000.0,299000000.0,,,,,0.0,,382000000.0,,,11971000000.0,2946000000.0,,,,,,,108000000.0,,,3376000000.0,,,,,,,,,,,,,,,,,,,,,,,,,,,
2022-01-31,25060000000.0,25060000000.0,8956000000.0,11831000000.0,19924000000.0,37558000000.0,24494000000.0,19924000000.0,885000000.0,26612000000.0,37558000000.0,26612000000.0,26612000000.0,-11000000.0,-11000000.0,16235000000.0,3000000.0,3000000.0,17575000000.0,13240000000.0,49000000.0,1057000000.0,447000000.0,202000000.0,245000000.0,11687000000.0,741000000.0,10946000000.0,4335000000.0,371000000.0,300000000.0,300000000.0,144000000.0,,,3520000000.0,1915000000.0,132000000.0,,1783000000.0,44187000000.0,15358000000.0,66000000.0,266000000.0,,6688000000.0,2339000000.0,4349000000.0,3607000000.0,-1903000000.0,5510000000.0,,829000000.0,2852000000.0,874000000.0,218000000.0,0.0,28829000000.0,366000000.0,,2605000000.0,1122000000.0,692000000.0,791000000.0,4650000000.0,4650000000.0,,,21208000000.0,19218000000.0,1990000000.0,,,NVDA,,144000000.0,,,1222000000.0,1222000000.0,266000000.0,,,,,0.0,,737000000.0,366000000.0,0.0,10385000000.0,1605000000.0,,,,,,,,,,3509000000.0,,,,,,,,,,,,,,,,,,,,,,,,,,,
2021-01-31,24800000000.0,38600000000.0,6116000000.0,7597000000.0,9963000000.0,23856000000.0,12130000000.0,9963000000.0,634000000.0,16893000000.0,22857000000.0,16893000000.0,16893000000.0,19000000.0,19000000.0,18908000000.0,3000000.0,3000000.0,11898000000.0,7973000000.0,135000000.0,836000000.0,404000000.0,163000000.0,241000000.0,6598000000.0,634000000.0,5964000000.0,3925000000.0,510000000.0,288000000.0,288000000.0,999000000.0,999000000.0,,2128000000.0,1149000000.0,61000000.0,,1149000000.0,28791000000.0,12736000000.0,203000000.0,144000000.0,,6930000000.0,2737000000.0,4193000000.0,2856000000.0,-1408000000.0,4264000000.0,385000000.0,707000000.0,1985000000.0,796000000.0,218000000.0,0.0,16055000000.0,239000000.0,,1826000000.0,737000000.0,457000000.0,632000000.0,2429000000.0,2429000000.0,-21000000.0,2450000000.0,11561000000.0,10714000000.0,847000000.0,,,NVDA,13800000000.0,121000000.0,999000000.0,,806000000.0,806000000.0,144000000.0,,,,,0.0,,558000000.0,239000000.0,10756000000.0,8719000000.0,979000000.0,,,,,,33000000.0,,74000000.0,,1797000000.0,,,,,,,,,,,,,,,,,,,,,,,,,,,
2020-01-31,,,,,,,,,,,,,,,,,,,,,,,,,,,,,,,,,,,,,,,,,,,,,,,,,,,,293000000.0,,,,,,,,,,,,,,,-11000000.0,1668000000.0,,,,,,NVDA,13700576960.0,,,,,,,,,,,,,,157000000.0,9814000000.0,,,,,,,,22000000.0,,20000000.0,54000000.0,,,,,,,,,,,,,,,,,,,,,,,,,,,,
2023-12-31,4228000000.0,4228000000.0,42199000000.0,49278000000.0,73410000000.0,154868000000.0,15216000000.0,73410000000.0,,105590000000.0,152568000000.0,109965000000.0,105590000000.0,-215000000.0,-215000000.0,69156000000.0,36649000000.0,36649000000.0,81607000000.0,53554000000.0,6576000000.0,,,,,46978000000.0,,46978000000.0,28053000000.0,-12000000.0,2900000000.0,,2300000000.0,2300000000.0,3655000000.0,19210000000.0,9685000000.0,1107000000.0,1107000000.0,8578000000.0,191572000000.0,148303000000.0,13647000000.0,5829000000.0,5000000.0,32180000000.0,4589000000.0,27591000000.0,96647000000.0,-98010000000.0,194657000000.0,,,100033000000.0,,,51182000000.0,43269000000.0,3706000000.0,,11127000000.0,3758000000.0,6203000000.0,1166000000.0,3402000000.0,3402000000.0,,,25034000000.0,17955000000.0,7079000000.0,,,INTC,0.0,,2300000000.0,,,,,5824000000.0,5824000000.0,,4375000000.0,0.0,,43442000000.0,,,,9525000000.0,,,,,,,,,,,,,,,,,,,,,,,,,,,,,,,,,,,,,
2022-12-31,4137000000.0,4137000000.0,30863000000.0,42007000000.0,67814000000.0,143430000000.0,18252000000.0,67814000000.0,,101423000000.0,139107000000.0,103286000000.0,101423000000.0,-562000000.0,-562000000.0,70405000000.0,31580000000.0,31580000000.0,78817000000.0,46662000000.0,8978000000.0,3796000000.0,202000000.0,,202000000.0,37684000000.0,,37684000000.0,32155000000.0,44000000.0,2400000000.0,,4323000000.0,4323000000.0,4084000000.0,21304000000.0,11846000000.0,2251000000.0,2251000000.0,9595000000.0,182103000000.0,131696000000.0,11315000000.0,5912000000.0,10000000.0,33609000000.0,6018000000.0,27591000000.0,80860000000.0,-93386000000.0,174246000000.0,,,92711000000.0,,,44808000000.0,50407000000.0,4712000000.0,,13224000000.0,4142000000.0,7565000000.0,1517000000.0,4133000000.0,4133000000.0,,,28338000000.0,17194000000.0,11144000000.0,,,INTC,,,423000000.0,3900000000.0,,,,5902000000.0,5902000000.0,,1863000000.0,0.0,,36727000000.0,,,,9458000000.0,,,10000000.0,,,,,,,,,,,45000000.0,,,,,,,,,,,,,,,,,,,,,,,
2021-12-31,4070000000.0,4070000000.0,33283000000.0,38110000000.0,61158000000.0,133501000000.0,31096000000.0,61158000000.0,,95391000000.0,128901000000.0,95391000000.0,95391000000.0,-880000000.0,-880000000.0,68265000000.0,28006000000.0,28006000000.0,73015000000.0,45553000000.0,5071000000.0,4305000000.0,2667000000.0,185000000.0,2667000000.0,33510000000.0,,33510000000.0,27462000000.0,991000000.0,2800000000.0,,4600000000.0,4600000000.0,4535000000.0,14536000000.0,6823000000.0,1076000000.0,1076000000.0,5747000000.0,168406000000.0,109848000000.0,6072000000.0,6298000000.0,16000000.0,34233000000.0,7270000000.0,26963000000.0,63245000000.0,-85294000000.0,148539000000.0,,,86955000000.0,,,40039000000.0,58558000000.0,2130000000.0,,10776000000.0,2679000000.0,6656000000.0,1441000000.0,9457000000.0,9457000000.0,,,29253000000.0,24426000000.0,4827000000.0,,,INTC,,,4600000000.0,0.0,,,840000000.0,6282000000.0,6282000000.0,,0.0,0.0,,21545000000.0,,,,7713000000.0,,,16000000.0,,,,,,,,,,,6942000000.0,,,,,,,,,,,,,,,,,,,,,,,
2020-12-31,4062000000.0,4062000000.0,30536000000.0,36401000000.0,45041000000.0,117439000000.0,22495000000.0,45041000000.0,,81038000000.0,114935000000.0,81038000000.0,81038000000.0,-751000000.0,-751000000.0,56233000000.0,25556000000.0,25556000000.0,72053000000.0,47299000000.0,3614000000.0,4578000000.0,5210000000.0,1367000000.0,3843000000.0,33897000000.0,,33897000000.0,24754000000.0,2000000000.0,2500000000.0,,2504000000.0,2504000000.0,3999000000.0,13751000000.0,5581000000.0,,,5581000000.0,153091000000.0,105842000000.0,5917000000.0,7344000000.0,18000000.0,35997000000.0,9026000000.0,26971000000.0,56584000000.0,-77645000000.0,134229000000.0,,,79384000000.0,,,37536000000.0,47249000000.0,2745000000.0,,8427000000.0,1826000000.0,5693000000.0,908000000.0,6782000000.0,6782000000.0,,,23895000000.0,18030000000.0,5865000000.0,,,INTC,,,2504000000.0,,1232000000.0,1232000000.0,2192000000.0,5134000000.0,5134000000.0,,,0.0,,17309000000.0,,,,8170000000.0,,,,,,,,,,1502000000.0,0.0,1550000000.0,5152000000.0,5400000000.0,,,,,,,,,,,,,,,,,,,,,,,
2023-12-31,1616000000.0,1663000000.0,,3003000000.0,10267000000.0,58360000000.0,10079000000.0,10267000000.0,535000000.0,55892000000.0,57609000000.0,55892000000.0,55892000000.0,-10000000.0,-10000000.0,723000000.0,17000000.0,17000000.0,11993000000.0,5304000000.0,1850000000.0,,1202000000.0,,1202000000.0,2252000000.0,535000000.0,1717000000.0,6689000000.0,438000000.0,544000000.0,544000000.0,751000000.0,751000000.0,884000000.0,4616000000.0,2418000000.0,,,2055000000.0,67885000000.0,51117000000.0,2805000000.0,99000000.0,99000000.0,45625000000.0,21363000000.0,24262000000.0,2222000000.0,-1787000000.0,4009000000.0,,2979000000.0,,,,821000000.0,16768000000.0,1259000000.0,,4351000000.0,812000000.0,3260000000.0,279000000.0,5385000000.0,5376000000.0,,,5773000000.0,1840000000.0,3933000000.0,,,AMD,47000000.0,,751000000.0,,366000000.0,366000000.0,,,,,,,,209000000.0,,4514000000.0,59676000000.0,2198000000.0,,,,,,,,,,,,,,,363000000.0,9000000.0,,,,,,,,,,,,,,,,,,,,,
2022-12-31,1612000000.0,1645000000.0,,2863000000.0,6455000000.0,57217000000.0,8650000000.0,6455000000.0,396000000.0,54750000000.0,57217000000.0,54750000000.0,54750000000.0,-41000000.0,-41000000.0,-131000000.0,16000000.0,16000000.0,12830000000.0,6461000000.0,1664000000.0,,1934000000.0,,1934000000.0,2863000000.0,396000000.0,2467000000.0,6369000000.0,336000000.0,859000000.0,859000000.0,,,701000000.0,5332000000.0,2956000000.0,,,2493000000.0,67580000000.0,52561000000.0,2152000000.0,83000000.0,83000000.0,48295000000.0,24118000000.0,24177000000.0,1973000000.0,-1507000000.0,3480000000.0,,2623000000.0,2163000000.0,594000000.0,120000000.0,714000000.0,15019000000.0,1265000000.0,,3771000000.0,892000000.0,2648000000.0,231000000.0,4128000000.0,4126000000.0,,,5855000000.0,1020000000.0,4835000000.0,,,AMD,33000000.0,,,,58000000.0,58000000.0,,,,,,,,143000000.0,,3099000000.0,58005000000.0,2376000000.0,,,,,,,,,,1252000000.0,,,,,463000000.0,2000000.0,,,,,,,,,,,,,,,,,,,,,
2021-12-31,1207000000.0,1232000000.0,,661000000.0,6885000000.0,7810000000.0,4343000000.0,6885000000.0,348000000.0,7497000000.0,7498000000.0,7497000000.0,7497000000.0,-3000000.0,-3000000.0,-1451000000.0,12000000.0,12000000.0,4922000000.0,682000000.0,321000000.0,,12000000.0,,12000000.0,349000000.0,348000000.0,1000000.0,4240000000.0,98000000.0,314000000.0,314000000.0,312000000.0,312000000.0,705000000.0,3125000000.0,1406000000.0,,,1321000000.0,12419000000.0,3836000000.0,239000000.0,69000000.0,69000000.0,612000000.0,323000000.0,289000000.0,1069000000.0,-1134000000.0,2203000000.0,206000000.0,1901000000.0,1534000000.0,206000000.0,0.0,0.0,8583000000.0,312000000.0,,1955000000.0,197000000.0,1676000000.0,82000000.0,2708000000.0,2706000000.0,,,3608000000.0,1073000000.0,2535000000.0,,,AMD,25000000.0,,312000000.0,,931000000.0,931000000.0,,,,,,,,96000000.0,312000000.0,2130000000.0,11069000000.0,1719000000.0,,,,,,,,,,916000000.0,,,,,85000000.0,2000000.0,,,,,,,,,,,,,,,,,,,,,
2020-12-31,1211000000.0,1217000000.0,,531000000.0,5319000000.0,6167000000.0,3726000000.0,5319000000.0,201000000.0,5837000000.0,6167000000.0,5837000000.0,5837000000.0,17000000.0,17000000.0,-4605000000.0,12000000.0,12000000.0,3125000000.0,708000000.0,177000000.0,,,,,531000000.0,201000000.0,330000000.0,2417000000.0,75000000.0,,,,,513000000.0,1829000000.0,546000000.0,,,468000000.0,8962000000.0,2819000000.0,144000000.0,63000000.0,63000000.0,518000000.0,229000000.0,289000000.0,849000000.0,-912000000.0,1761000000.0,208000000.0,1417000000.0,1209000000.0,208000000.0,,0.0,6143000000.0,378000000.0,,1399000000.0,167000000.0,1139000000.0,93000000.0,2076000000.0,2066000000.0,,,2290000000.0,695000000.0,1595000000.0,,,AMD,6000000.0,,,,1245000000.0,1245000000.0,,,,,,,,136000000.0,378000000.0,131000000.0,10544000000.0,1283000000.0,,,,,,,,,,0.0,,,,,78000000.0,10000000.0,,,,,,,,,,,,,,,,,,,,,
2023-12-31,3185000000.0,3185000000.0,,9573000000.0,62019000000.0,67291000000.0,20868000000.0,62019000000.0,4916000000.0,62634000000.0,65316000000.0,63609000000.0,62634000000.0,-143000000.0,-143000000.0,27882000000.0,3000000.0,3000000.0,43009000000.0,14261000000.0,876000000.0,,3251000000.0,3251000000.0,,6528000000.0,3846000000.0,2682000000.0,28748000000.0,517000000.0,3740000000.0,3740000000.0,3045000000.0,1975000000.0,,19681000000.0,15635000000.0,1204000000.0,,14431000000.0,106618000000.0,57002000000.0,4531000000.0,,,615000000.0,362000000.0,253000000.0,45123000000.0,-15080000000.0,60203000000.0,3168000000.0,7327000000.0,27540000000.0,,9505000000.0,6859000000.0,49616000000.0,3388000000.0,,13626000000.0,5049000000.0,2016000000.0,5390000000.0,3508000000.0,3508000000.0,,,29094000000.0,12696000000.0,16398000000.0,495000000.0,15903000000.0,TSLA,0.0,1070000000.0,1975000000.0,,6733000000.0,6733000000.0,,,,,975000000.0,0.0,,5804000000.0,,,34892000000.0,4046000000.0,,1171000000.0,,,,,1765000000.0,,,,,,,,,,3606000000.0,3606000000.0,0.0,,,,,,,,,,,,,,,,,,
2022-12-31,3164000000.0,3164000000.0,,5748000000.0,44111000000.0,46749000000.0,14208000000.0,44111000000.0,3703000000.0,44704000000.0,45733000000.0,45898000000.0,44704000000.0,-361000000.0,-361000000.0,12885000000.0,3000000.0,3000000.0,36440000000.0,9731000000.0,686000000.0,,2804000000.0,2804000000.0,82000000.0,3761000000.0,2732000000.0,1029000000.0,26709000000.0,354000000.0,2810000000.0,2810000000.0,1987000000.0,1016000000.0,,20263000000.0,16490000000.0,1235000000.0,,15255000000.0,82338000000.0,41421000000.0,3865000000.0,,,593000000.0,399000000.0,194000000.0,36635000000.0,-11499000000.0,48134000000.0,2366000000.0,5142000000.0,21705000000.0,,7751000000.0,6889000000.0,40917000000.0,2941000000.0,,12839000000.0,3475000000.0,2385000000.0,6137000000.0,2952000000.0,2952000000.0,,,22185000000.0,5932000000.0,16253000000.0,2288000000.0,13965000000.0,TSLA,,971000000.0,1016000000.0,,328000000.0,328000000.0,,,,,1194000000.0,0.0,,4281000000.0,,,32177000000.0,3773000000.0,,842000000.0,,,,,1295000000.0,,,,,,,,,,2480000000.0,2480000000.0,0.0,,,,,,,,,,,,,,,,,,
2021-12-31,3099000000.0,3099000000.0,,8873000000.0,28472000000.0,35531000000.0,7395000000.0,28472000000.0,3531000000.0,30189000000.0,34443000000.0,31583000000.0,30189000000.0,54000000.0,54000000.0,329000000.0,3000000.0,3000000.0,30548000000.0,10843000000.0,320000000.0,,2076000000.0,2052000000.0,24000000.0,6916000000.0,2662000000.0,4254000000.0,19705000000.0,310000000.0,2372000000.0,2372000000.0,1957000000.0,1088000000.0,,14098000000.0,11147000000.0,1122000000.0,,10025000000.0,62131000000.0,35027000000.0,2138000000.0,,,1717000000.0,1517000000.0,200000000.0,31172000000.0,-8691000000.0,39863000000.0,1826000000.0,4204000000.0,16647000000.0,,4675000000.0,6913000000.0,27100000000.0,1723000000.0,,5757000000.0,1277000000.0,1089000000.0,2816000000.0,1913000000.0,1913000000.0,,,17707000000.0,131000000.0,17576000000.0,9548000000.0,8028000000.0,TSLA,,869000000.0,1088000000.0,,,,,,,,1394000000.0,0.0,,5598000000.0,1723000000.0,,29803000000.0,2951000000.0,,575000000.0,,,,,968000000.0,16000000.0,,,568000000.0,,,,,,1398000000.0,1531000000.0,,,,,,,,,,,,,,,,,,,
2020-12-31,2880000000.0,2880000000.0,,13279000000.0,21705000000.0,32496000000.0,12469000000.0,21705000000.0,3008000000.0,22225000000.0,30738000000.0,23679000000.0,22225000000.0,363000000.0,363000000.0,-5399000000.0,1000000.0,1000000.0,28469000000.0,14221000000.0,436000000.0,,1435000000.0,1284000000.0,151000000.0,10861000000.0,2348000000.0,8513000000.0,14248000000.0,264000000.0,2210000000.0,2210000000.0,2418000000.0,1758000000.0,,8460000000.0,6828000000.0,777000000.0,,6051000000.0,52148000000.0,25434000000.0,1536000000.0,,,520000000.0,313000000.0,207000000.0,23378000000.0,-6518000000.0,29896000000.0,1421000000.0,3369000000.0,12889000000.0,,3662000000.0,6861000000.0,26717000000.0,1346000000.0,,4101000000.0,1666000000.0,493000000.0,1508000000.0,1886000000.0,1886000000.0,,,19384000000.0,0.0,19384000000.0,,,TSLA,,660000000.0,1758000000.0,,,,,,,,1454000000.0,0.0,,1694000000.0,1346000000.0,,27260000000.0,1632000000.0,,434000000.0,,,,,896000000.0,77000000.0,,,604000000.0,,,,,,989000000.0,1489000000.0,,,,,,,,,,,,,,,,,,,
2023-12-31,12460000000.0,12460000000.0,,28504000000.0,254181000000.0,295249000000.0,89716000000.0,254181000000.0,16634000000.0,283379000000.0,295249000000.0,283379000000.0,283379000000.0,-4402000000.0,-4402000000.0,211247000000.0,76534000000.0,76534000000.0,119013000000.0,37199000000.0,1616000000.0,8474000000.0,1396000000.0,911000000.0,485000000.0,25713000000.0,13843000000.0,11870000000.0,81814000000.0,9525000000.0,4137000000.0,4137000000.0,2791000000.0,,15140000000.0,50221000000.0,10241000000.0,2748000000.0,2748000000.0,7493000000.0,402392000000.0,230862000000.0,10051000000.0,31008000000.0,,29198000000.0,,29198000000.0,148436000000.0,-67458000000.0,215894000000.0,11425000000.0,94685000000.0,472000000.0,,74083000000.0,0.0,171530000000.0,12650000000.0,,,,,,47964000000.0,47964000000.0,-771000000.0,48735000000.0,110916000000.0,86868000000.0,24048000000.0,,,GOOG,0.0,2791000000.0,,,12169000000.0,12169000000.0,,31008000000.0,31008000000.0,,,0.0,,35229000000.0,,,,39980000000.0,,,,,,,,,,,,,,,,,,,,,,,,,,,,,,,,,,,,,
2022-12-31,12849000000.0,12849000000.0,,29679000000.0,227184000000.0,269001000000.0,95495000000.0,227184000000.0,16822000000.0,256144000000.0,269001000000.0,256144000000.0,256144000000.0,-7603000000.0,-7603000000.0,195563000000.0,68184000000.0,68184000000.0,109120000000.0,39820000000.0,2247000000.0,9258000000.0,1113000000.0,599000000.0,514000000.0,27202000000.0,14345000000.0,12857000000.0,69300000000.0,9106000000.0,3908000000.0,3908000000.0,2477000000.0,,14028000000.0,39781000000.0,6760000000.0,1632000000.0,1632000000.0,5128000000.0,365264000000.0,200469000000.0,8707000000.0,30492000000.0,,28960000000.0,2084000000.0,28960000000.0,127049000000.0,-59042000000.0,186091000000.0,10575000000.0,80648000000.0,314000000.0,,66897000000.0,0.0,164795000000.0,10775000000.0,,2670000000.0,,,,40258000000.0,40258000000.0,-754000000.0,41012000000.0,113762000000.0,91883000000.0,21879000000.0,,,GOOG,,2477000000.0,,,5261000000.0,5261000000.0,,30492000000.0,30492000000.0,,,0.0,,27657000000.0,,,,33021000000.0,,,,,,,,,,,,,,,,,,,,,,,,,,,,,,,,,,,,,
2021-12-31,13242420000.0,13242420000.0,,28395000000.0,227262000000.0,264479000000.0,123889000000.0,227262000000.0,15551000000.0,251635000000.0,264479000000.0,251635000000.0,251635000000.0,-1623000000.0,-1623000000.0,191484000000.0,61774000000.0,61774000000.0,107633000000.0,43379000000.0,2205000000.0,9176000000.0,5792000000.0,535000000.0,5257000000.0,26206000000.0,13362000000.0,12844000000.0,64254000000.0,9799000000.0,3288000000.0,3288000000.0,2189000000.0,,13889000000.0,35089000000.0,6037000000.0,808000000.0,808000000.0,6037000000.0,359268000000.0,171125000000.0,5361000000.0,29549000000.0,,24373000000.0,1417000000.0,22956000000.0,110558000000.0,-49414000000.0,159972000000.0,9146000000.0,68565000000.0,208000000.0,,58881000000.0,0.0,188143000000.0,8020000000.0,,1170000000.0,,,,39304000000.0,39304000000.0,-550000000.0,39854000000.0,139649000000.0,118704000000.0,20945000000.0,,,GOOG,,2189000000.0,,,1284000000.0,1284000000.0,,29549000000.0,29549000000.0,,,0.0,,23172000000.0,,,,29052000000.0,,,,,,,,,397000000.0,,,,,,,,,,,966000000.0,,,,,,,,,,,,,,,,,
2020-12-31,13504440000.0,13504440000.0,,26772000000.0,199924000000.0,235376000000.0,117462000000.0,199924000000.0,13940000000.0,222544000000.0,235376000000.0,222544000000.0,222544000000.0,633000000.0,633000000.0,163401000000.0,58510000000.0,58510000000.0,97072000000.0,40238000000.0,2269000000.0,8849000000.0,4042000000.0,481000000.0,3561000000.0,25078000000.0,12246000000.0,12832000000.0,56834000000.0,10409000000.0,2543000000.0,2543000000.0,1694000000.0,,11086000000.0,31102000000.0,7828000000.0,1485000000.0,1485000000.0,5589000000.0,319616000000.0,145320000000.0,3953000000.0,20703000000.0,,22620000000.0,1445000000.0,21175000000.0,96960000000.0,-41713000000.0,138673000000.0,7516000000.0,58117000000.0,197000000.0,,49732000000.0,0.0,174296000000.0,5490000000.0,,728000000.0,,,,31384000000.0,30930000000.0,-789000000.0,31719000000.0,136694000000.0,110229000000.0,26465000000.0,,,GOOG,,1694000000.0,,,1084000000.0,1084000000.0,,20703000000.0,20703000000.0,,,0.0,,23111000000.0,,,,23274000000.0,,,,,,,,,754000000.0,,,,,,,,,,,454000000.0,,,,,,,,,,,,,,,,,
2023-12-31,2561000000.0,2561000000.0,,37234000000.0,131726000000.0,171553000000.0,53405000000.0,131726000000.0,18849000000.0,153168000000.0,171553000000.0,153168000000.0,153168000000.0,-2155000000.0,-2155000000.0,82070000000.0,0.0,0.0,76455000000.0,44495000000.0,1370000000.0,7514000000.0,,,,35611000000.0,17226000000.0,18385000000.0,31960000000.0,5506000000.0,,,1623000000.0,,6659000000.0,18172000000.0,9367000000.0,3655000000.0,,4849000000.0,229623000000.0,144258000000.0,6794000000.0,6141000000.0,,21442000000.0,788000000.0,20654000000.0,109881000000.0,-33134000000.0,143015000000.0,6972000000.0,71733000000.0,,37961000000.0,2080000000.0,0.0,85365000000.0,3793000000.0,,,,,,16169000000.0,16169000000.0,,,65403000000.0,23541000000.0,41862000000.0,35597000000.0,6265000000.0,META,0.0,1623000000.0,,,,,,6141000000.0,6141000000.0,,,,,24269000000.0,,,73253000000.0,8805000000.0,,,,,,,,,,,,,,,863000000.0,,,,,,,,,,,,,,,,,,,,,,
2022-12-31,2614000000.0,2614000000.0,,26591000000.0,104510000000.0,135636000000.0,32523000000.0,104510000000.0,16668000000.0,125713000000.0,135636000000.0,125713000000.0,125713000000.0,-3530000000.0,-3530000000.0,64799000000.0,0.0,0.0,60014000000.0,32988000000.0,1119000000.0,6645000000.0,,,,25224000000.0,15301000000.0,9923000000.0,27026000000.0,4906000000.0,,,1367000000.0,,4591000000.0,16162000000.0,8446000000.0,2339000000.0,,4990000000.0,185727000000.0,126178000000.0,6583000000.0,6201000000.0,,21203000000.0,897000000.0,20306000000.0,92191000000.0,-24975000000.0,117166000000.0,6522000000.0,55998000000.0,,27720000000.0,1874000000.0,0.0,59549000000.0,5345000000.0,,,,,,13466000000.0,13466000000.0,,,40738000000.0,26057000000.0,14681000000.0,8505000000.0,6176000000.0,META,,1367000000.0,,,,,,6201000000.0,6201000000.0,,,,,25052000000.0,,,64444000000.0,7716000000.0,,,,,,,,,,,,,,,1117000000.0,,,,,,,,,,,,,,,,,,,,,,
2021-12-31,2741000000.0,2741000000.0,,13873000000.0,105048000000.0,124879000000.0,45531000000.0,105048000000.0,13873000000.0,124879000000.0,124879000000.0,124879000000.0,124879000000.0,-693000000.0,-693000000.0,69761000000.0,0.0,0.0,41108000000.0,19973000000.0,1289000000.0,5938000000.0,,,,12746000000.0,12746000000.0,,21135000000.0,5819000000.0,561000000.0,561000000.0,1127000000.0,,3152000000.0,11037000000.0,6391000000.0,1256000000.0,,4083000000.0,165987000000.0,99321000000.0,2751000000.0,6775000000.0,6775000000.0,19831000000.0,634000000.0,19197000000.0,69964000000.0,-20080000000.0,90044000000.0,5795000000.0,45343000000.0,25584000000.0,22531000000.0,1688000000.0,0.0,66666000000.0,4629000000.0,,,,,,14039000000.0,14039000000.0,,,47998000000.0,31397000000.0,16601000000.0,9293000000.0,7308000000.0,META,,1127000000.0,,,,,,6775000000.0,6775000000.0,,,,,14687000000.0,4629000000.0,,55811000000.0,4646000000.0,,,,,,,,,1052000000.0,,,,,,1052000000.0,,,,,,,,,,,,,,,,,,,,,,
2020-12-31,2849000000.0,2849000000.0,,10654000000.0,108617000000.0,128290000000.0,60689000000.0,108617000000.0,10654000000.0,128290000000.0,128290000000.0,128290000000.0,128290000000.0,927000000.0,927000000.0,77345000000.0,0.0,0.0,31026000000.0,16045000000.0,1389000000.0,5025000000.0,,,,9631000000.0,9631000000.0,,14981000000.0,3469000000.0,382000000.0,382000000.0,1023000000.0,,2609000000.0,7498000000.0,4462000000.0,2038000000.0,,1331000000.0,159316000000.0,83646000000.0,2758000000.0,6234000000.0,6234000000.0,19673000000.0,623000000.0,19050000000.0,54981000000.0,-15418000000.0,70399000000.0,4321000000.0,36104000000.0,20544000000.0,17360000000.0,1326000000.0,0.0,75670000000.0,2381000000.0,,,,,,11335000000.0,11335000000.0,-114000000.0,11449000000.0,61954000000.0,44378000000.0,17576000000.0,11088000000.0,6488000000.0,META,,1023000000.0,,,,,,6234000000.0,6234000000.0,,,,,11288000000.0,2381000000.0,,50018000000.0,3036000000.0,,,,,,,,,1093000000.0,,,,,,1093000000.0,,,,,,,,,,,,,,,,,,,,,,
2023-12-31,2876658594.0,4104933895.0,,436537000000.0,236093000000.0,737011000000.0,,263497000000.0,,300474000000.0,719703000000.0,327878000000.0,327878000000.0,-10443000000.0,-10443000000.0,332901000000.0,31509000000.0,4105000000.0,3547515000000.0,,,,,,,391825000000.0,,391825000000.0,,,,,44712000000.0,44712000000.0,,317954000000.0,317954000000.0,,,161960000000.0,3875393000000.0,,,973946000000.0,,64381000000.0,11747000000.0,52634000000.0,30157000000.0,,30157000000.0,,15295000000.0,,,,14862000000.0,,,,,,,,107363000000.0,107363000000.0,,,,192485000000.0,624151000000.0,,29066000000.0,JPM,1228275301.0,,44712000000.0,,,,,,,,,27404000000.0,,,,116217000000.0,90128000000.0,,,,,,,,,,155994000000.0,,,,411613000000.0,,,,,,,,391850000.0,27404000000.0,369848000000.0,900303000000.0,,,,,,,,,,,,,
2022-12-31,2934257801.0,4104933895.0,,339892000000.0,204069000000.0,604820000000.0,,231473000000.0,,264928000000.0,588197000000.0,292332000000.0,292332000000.0,-17341000000.0,-17341000000.0,296456000000.0,31509000000.0,4105000000.0,3373411000000.0,,,,,,,295865000000.0,,295865000000.0,,,,,44027000000.0,44027000000.0,,339982000000.0,339982000000.0,,,188692000000.0,3665743000000.0,,,982116000000.0,,60859000000.0,9197000000.0,51662000000.0,27734000000.0,,27734000000.0,,14248000000.0,,,,13486000000.0,,,,,,,,125189000000.0,125189000000.0,,,,196699000000.0,567234000000.0,,27697000000.0,JPM,1170676094.0,,44027000000.0,,,,,,,,,27404000000.0,,,,107336000000.0,89044000000.0,,,,,,,,,,151290000000.0,,,,360112000000.0,,,,,,,,391850000.0,27404000000.0,425305000000.0,882826000000.0,,,,,,,,,,,,,
2021-12-31,2944149145.0,4104933895.0,,354599000000.0,202598000000.0,613888000000.0,,237436000000.0,,259289000000.0,595132000000.0,294127000000.0,294127000000.0,-84000000.0,-84000000.0,272268000000.0,38943000000.0,4105000000.0,3449440000000.0,,,,,,,301005000000.0,,301005000000.0,,,,,53594000000.0,53594000000.0,,303071000000.0,303071000000.0,,,169172000000.0,3743567000000.0,,,984829000000.0,,56691000000.0,6376000000.0,50315000000.0,27070000000.0,,,,,,,,,,,,,,,,102570000000.0,102570000000.0,,,,290257000000.0,740834000000.0,,26438000000.0,JPM,1160784750.0,,53594000000.0,,,,,,,,,34838000000.0,,,,105415000000.0,88415000000.0,,,,,,,,,,133899000000.0,,,,330865000000.0,,,,,,,,391850000.0,34838000000.0,363707000000.0,1002532000000.0,,,,,,,,,,,,,
2020-12-31,3049434460.0,4104933895.0,,326893000000.0,195863000000.0,576184000000.0,,225926000000.0,,249291000000.0,561039000000.0,279354000000.0,279354000000.0,7986000000.0,7986000000.0,236990000000.0,34168000000.0,4105000000.0,3105403000000.0,,,,,,,281685000000.0,,281685000000.0,,,,,45208000000.0,45208000000.0,,294208000000.0,294208000000.0,,,140291000000.0,3384757000000.0,,,930253000000.0,,53428000000.0,4180000000.0,49248000000.0,27109000000.0,,,,,,,,,,,,,,,,90503000000.0,90503000000.0,,,,355951000000.0,527609000000.0,,24874000000.0,JPM,1055499435.0,,45208000000.0,12031000000.0,,,,,13827000000.0,79630000000.0,,30063000000.0,,,,88184000000.0,88394000000.0,,,,,,,,,,153917000000.0,,,,372481000000.0,,,,,,,,280850000.0,30063000000.0,201821000000.0,823893000000.0,,,,,,,,,,,,,
2023-11-30,455000000.0,601000000.0,,4080000000.0,2625000000.0,20152000000.0,2833000000.0,2625000000.0,446000000.0,16518000000.0,20152000000.0,16518000000.0,16518000000.0,-285000000.0,-285000000.0,33346000000.0,0.0,0.0,13261000000.0,5010000000.0,376000000.0,514000000.0,113000000.0,113000000.0,,4007000000.0,373000000.0,3634000000.0,8251000000.0,,5837000000.0,5837000000.0,73000000.0,,535000000.0,1695000000.0,521000000.0,207000000.0,85000000.0,314000000.0,29779000000.0,18695000000.0,1223000000.0,,,13893000000.0,1088000000.0,12805000000.0,2388000000.0,-1731000000.0,4119000000.0,275000000.0,358000000.0,1661000000.0,1660000000.0,163000000.0,0.0,11084000000.0,1018000000.0,,,,,,2224000000.0,2224000000.0,-16000000.0,2240000000.0,7842000000.0,701000000.0,7141000000.0,6523000000.0,618000000.0,ADBE,146000000.0,73000000.0,,,1191000000.0,1191000000.0,,,,,,0.0,,2000000.0,,28129000000.0,11586000000.0,1174000000.0,,,,,,,111000000.0,,,,,,,,,,,,,,,,,,,,,,,,,,,,,,
2022-11-30,462000000.0,601000000.0,,4633000000.0,-185000000.0,18180000000.0,868000000.0,-185000000.0,504000000.0,14051000000.0,17680000000.0,14051000000.0,14051000000.0,-293000000.0,-293000000.0,28319000000.0,0.0,0.0,13114000000.0,4986000000.0,293000000.0,530000000.0,117000000.0,117000000.0,,4046000000.0,417000000.0,3629000000.0,8128000000.0,,5297000000.0,5297000000.0,587000000.0,500000000.0,485000000.0,1653000000.0,571000000.0,192000000.0,75000000.0,379000000.0,27165000000.0,18169000000.0,841000000.0,,,14236000000.0,1449000000.0,12787000000.0,2315000000.0,-1569000000.0,3884000000.0,259000000.0,407000000.0,1497000000.0,902000000.0,144000000.0,0.0,8996000000.0,835000000.0,,,,,,2065000000.0,2065000000.0,-23000000.0,2088000000.0,6096000000.0,1860000000.0,4236000000.0,3579000000.0,657000000.0,ADBE,139000000.0,87000000.0,500000000.0,,777000000.0,777000000.0,,,,,,0.0,,675000000.0,,23843000000.0,9868000000.0,1082000000.0,,,,,,,106000000.0,,,,,,,,,,,,,,,,,,,,,,,,,,,,,,
2021-11-30,475000000.0,601000000.0,279000000.0,4673000000.0,309000000.0,18920000000.0,1737000000.0,309000000.0,550000000.0,14797000000.0,18920000000.0,14797000000.0,14797000000.0,-137000000.0,-137000000.0,23905000000.0,0.0,0.0,12444000000.0,5512000000.0,257000000.0,534000000.0,145000000.0,145000000.0,5000000.0,4576000000.0,453000000.0,4123000000.0,6932000000.0,,4733000000.0,4733000000.0,97000000.0,,490000000.0,1484000000.0,485000000.0,173000000.0,54000000.0,312000000.0,27241000000.0,18572000000.0,883000000.0,,,14488000000.0,1820000000.0,12668000000.0,2116000000.0,-1451000000.0,3567000000.0,268000000.0,443000000.0,1405000000.0,904000000.0,145000000.0,0.0,8669000000.0,993000000.0,,,,,,1878000000.0,1878000000.0,-16000000.0,1894000000.0,5798000000.0,1954000000.0,3844000000.0,3094000000.0,750000000.0,ADBE,126000000.0,97000000.0,,,1085000000.0,1085000000.0,,,,,,0.0,,402000000.0,993000000.0,17399000000.0,8428000000.0,999000000.0,,,,,,,128000000.0,34000000.0,40000000.0,,,,,,,,,,,,,,,,,,,,,,,,,,,,
2020-11-30,479000000.0,601000000.0,,4708000000.0,1163000000.0,17381000000.0,2634000000.0,1163000000.0,591000000.0,13264000000.0,17381000000.0,13264000000.0,13264000000.0,-158000000.0,-158000000.0,19611000000.0,0.0,0.0,11020000000.0,5508000000.0,223000000.0,529000000.0,140000000.0,130000000.0,10000000.0,4616000000.0,499000000.0,4117000000.0,5512000000.0,4000000.0,3629000000.0,3629000000.0,92000000.0,,375000000.0,1289000000.0,498000000.0,158000000.0,63000000.0,306000000.0,24284000000.0,16138000000.0,663000000.0,,,12101000000.0,1359000000.0,10742000000.0,2004000000.0,-1458000000.0,3462000000.0,284000000.0,487000000.0,1446000000.0,901000000.0,145000000.0,0.0,8146000000.0,756000000.0,,,,,,1398000000.0,1398000000.0,-21000000.0,1419000000.0,5992000000.0,1514000000.0,4478000000.0,3629000000.0,849000000.0,ADBE,122000000.0,92000000.0,,,1370000000.0,1370000000.0,,,,,,0.0,,199000000.0,756000000.0,13546000000.0,7357000000.0,791000000.0,,,,,,,127000000.0,32000000.0,34000000.0,,,,,,,,,,,,,,,,,,,,,,,,,,,,
2024-09-30,1113000000.0,1113000000.0,6785000000.0,14634000000.0,14231000000.0,40908000000.0,14727000000.0,14231000000.0,,26274000000.0,39544000000.0,26274000000.0,26274000000.0,587000000.0,587000000.0,25687000000.0,0.0,0.0,28880000000.0,18376000000.0,5018000000.0,,88000000.0,88000000.0,,13270000000.0,,13270000000.0,10504000000.0,3345000000.0,297000000.0,297000000.0,1364000000.0,1364000000.0,,5498000000.0,3664000000.0,1080000000.0,1080000000.0,2584000000.0,55154000000.0,29923000000.0,8053000000.0,,,12043000000.0,1244000000.0,10799000000.0,4665000000.0,-8876000000.0,13541000000.0,550000000.0,,10808000000.0,1888000000.0,169000000.0,0.0,25231000000.0,1579000000.0,,6423000000.0,2586000000.0,3497000000.0,340000000.0,3929000000.0,2347000000.0,,,13300000000.0,5451000000.0,7849000000.0,,,QCOM,,,1364000000.0,,5162000000.0,5162000000.0,,,,1582000000.0,,0.0,,126000000.0,,,,1834000000.0,,,,,,,,,,,,,,0.0,,,,,,,,,,,0.0,,,,,,,,,,,,
2023-09-30,1114000000.0,1114000000.0,6948000000.0,15398000000.0,9531000000.0,36979000000.0,12836000000.0,9531000000.0,,21581000000.0,36065000000.0,21581000000.0,21581000000.0,358000000.0,358000000.0,20733000000.0,490000000.0,490000000.0,29459000000.0,19831000000.0,5210000000.0,1080000000.0,99000000.0,99000000.0,,14484000000.0,,14484000000.0,9628000000.0,3107000000.0,293000000.0,293000000.0,914000000.0,914000000.0,,5314000000.0,3629000000.0,1717000000.0,1717000000.0,1912000000.0,51040000000.0,28576000000.0,8174000000.0,,,12050000000.0,1408000000.0,10642000000.0,5042000000.0,-7668000000.0,12710000000.0,485000000.0,,9981000000.0,1849000000.0,169000000.0,0.0,22464000000.0,1194000000.0,,6422000000.0,2150000000.0,4096000000.0,176000000.0,3183000000.0,1923000000.0,,,11324000000.0,2874000000.0,8450000000.0,,,QCOM,,,914000000.0,0.0,3310000000.0,3310000000.0,,,,1260000000.0,,0.0,,226000000.0,,,,1685000000.0,,,,,,,,,,,,,,341000000.0,,,,,,,,,,,38000000.0,,,,,,,,,,,,
2022-09-30,1121000000.0,1121000000.0,12709000000.0,15482000000.0,5623000000.0,33495000000.0,8858000000.0,5623000000.0,,18013000000.0,31550000000.0,18013000000.0,18013000000.0,-22000000.0,-22000000.0,17840000000.0,195000000.0,195000000.0,31001000000.0,19135000000.0,3863000000.0,1472000000.0,144000000.0,144000000.0,,13537000000.0,,13537000000.0,11866000000.0,3636000000.0,369000000.0,369000000.0,1945000000.0,1945000000.0,,5916000000.0,4430000000.0,634000000.0,634000000.0,3796000000.0,49014000000.0,28290000000.0,8929000000.0,,,12390000000.0,1882000000.0,10508000000.0,5168000000.0,-6602000000.0,11770000000.0,369000000.0,,9134000000.0,1767000000.0,170000000.0,0.0,20724000000.0,1625000000.0,,6341000000.0,2791000000.0,3329000000.0,221000000.0,5643000000.0,4175000000.0,,,6382000000.0,3609000000.0,2773000000.0,,,QCOM,,,1446000000.0,499000000.0,1803000000.0,1803000000.0,,,,1468000000.0,,0.0,,330000000.0,,,,1486000000.0,,,,,,,,,,,,,,733000000.0,,,,,,,,,,,119000000.0,,,,,,,,,,,,
2021-09-30,1125000000.0,1125000000.0,8629000000.0,15745000000.0,1246000000.0,25695000000.0,8124000000.0,1246000000.0,,9950000000.0,23651000000.0,9950000000.0,9950000000.0,128000000.0,128000000.0,9822000000.0,0.0,0.0,31290000000.0,19339000000.0,3561000000.0,1713000000.0,364000000.0,364000000.0,,13701000000.0,,13701000000.0,11951000000.0,2630000000.0,612000000.0,612000000.0,2044000000.0,2044000000.0,,6665000000.0,3612000000.0,862000000.0,862000000.0,2750000000.0,41240000000.0,21165000000.0,6311000000.0,,,8704000000.0,1458000000.0,7246000000.0,4559000000.0,-5895000000.0,10454000000.0,374000000.0,,7997000000.0,1642000000.0,172000000.0,0.0,20075000000.0,854000000.0,,3228000000.0,1486000000.0,1475000000.0,267000000.0,3579000000.0,2214000000.0,,,12414000000.0,5298000000.0,7116000000.0,,,QCOM,,,1544000000.0,500000000.0,1591000000.0,1591000000.0,,,,1365000000.0,,,,269000000.0,,,,3053000000.0,,,,,,,,,,,,,,0.0,,,,,,,,,,,0.0,,,,,,,,,,,,
2020-09-30,,,,,,,,,,,,,,,,,,,,,,1872000000.0,,,,,,,,,,,,,,,,,,,,,,,,,,,,,,,,,,,,,,,,,,,,,,,,,,,,QCOM,,,,500000000.0,,,,,,,,0.0,,,,,,,,,,,,,,,,,,,,,,,,,,,,,,,,,,,,,,,,,,,
2024-01-31,971000000.0,1035000000.0,954000000.0,12588000000.0,5748000000.0,69072000000.0,2443000000.0,5748000000.0,3162000000.0,59646000000.0,68073000000.0,59646000000.0,59646000000.0,-225000000.0,-225000000.0,11721000000.0,1000000.0,1000000.0,40177000000.0,13546000000.0,2475000000.0,,,,,11071000000.0,2644000000.0,8427000000.0,26631000000.0,,19003000000.0,19003000000.0,1517000000.0,999000000.0,,6111000000.0,,,,,99823000000.0,70749000000.0,,4848000000.0,,53898000000.0,5278000000.0,48620000000.0,6055000000.0,-3152000000.0,9207000000.0,1604000000.0,2366000000.0,4454000000.0,490000000.0,293000000.0,0.0,29074000000.0,1561000000.0,,,,,,11414000000.0,11414000000.0,,,14194000000.0,5722000000.0,8472000000.0,,,CRM,64000000.0,518000000.0,999000000.0,,5948000000.0,3433000000.0,,4848000000.0,4767000000.0,,,0.0,,,,11692000000.0,59841000000.0,,,,,,,,,,,,,,,,,,,,,,,,81000000.0,,,1905000000.0,,,,,,,,,,,
2023-01-31,981000000.0,1009000000.0,3585000000.0,14088000000.0,2666000000.0,68960000000.0,504000000.0,2666000000.0,3487000000.0,58359000000.0,67778000000.0,58359000000.0,58359000000.0,-274000000.0,-274000000.0,7585000000.0,1000000.0,1000000.0,40490000000.0,14599000000.0,2283000000.0,,,,,12316000000.0,2897000000.0,9419000000.0,25891000000.0,,17376000000.0,17376000000.0,1772000000.0,1182000000.0,,6743000000.0,,,,,98849000000.0,72454000000.0,,4672000000.0,,55693000000.0,7125000000.0,48568000000.0,6592000000.0,-2702000000.0,9294000000.0,1807000000.0,2890000000.0,3815000000.0,489000000.0,293000000.0,0.0,26395000000.0,1356000000.0,,,,,,10755000000.0,10755000000.0,,,12508000000.0,5492000000.0,7016000000.0,,,CRM,28000000.0,590000000.0,1182000000.0,,5497000000.0,2800000000.0,,4672000000.0,4603000000.0,,,0.0,,,,4000000000.0,55047000000.0,,,,,,,,,,,,,,,,,,,,,,,,69000000.0,,,1776000000.0,,,,,,,,,,,
2022-01-31,989000000.0,989000000.0,5132000000.0,13985000000.0,1216000000.0,68727000000.0,1062000000.0,1216000000.0,3389000000.0,58131000000.0,68723000000.0,58131000000.0,58131000000.0,-166000000.0,-166000000.0,7377000000.0,1000000.0,1000000.0,37078000000.0,15290000000.0,1995000000.0,,,,,13295000000.0,2703000000.0,10592000000.0,21788000000.0,,15628000000.0,15628000000.0,690000000.0,4000000.0,,5470000000.0,,,,,95209000000.0,72359000000.0,,4784000000.0,,56915000000.0,8978000000.0,47937000000.0,5695000000.0,-2401000000.0,8096000000.0,1656000000.0,2880000000.0,2780000000.0,487000000.0,293000000.0,0.0,22850000000.0,1120000000.0,,,,,,9739000000.0,9739000000.0,,,10537000000.0,5073000000.0,5464000000.0,,,CRM,,686000000.0,4000000.0,,4965000000.0,2623000000.0,4784000000.0,4784000000.0,4696000000.0,,,0.0,,,1120000000.0,0.0,50919000000.0,,,,,,,,,,,,,,,,,,,,,,,,88000000.0,,,1454000000.0,,,,,,,,,,,
2021-01-31,919000000.0,919000000.0,,6281000000.0,11061000000.0,44166000000.0,4161000000.0,11061000000.0,3608000000.0,41493000000.0,44166000000.0,41493000000.0,41493000000.0,-42000000.0,-42000000.0,5933000000.0,1000000.0,1000000.0,24808000000.0,7080000000.0,1565000000.0,,,,,5515000000.0,2842000000.0,2673000000.0,17728000000.0,,12607000000.0,12607000000.0,766000000.0,,,4355000000.0,4355000000.0,,,4355000000.0,66301000000.0,44412000000.0,,3909000000.0,,30432000000.0,4114000000.0,26318000000.0,5663000000.0,-1955000000.0,7618000000.0,1507000000.0,3204000000.0,2129000000.0,485000000.0,293000000.0,0.0,21889000000.0,991000000.0,,,,,,7786000000.0,7786000000.0,,,11966000000.0,5771000000.0,6195000000.0,,,CRM,,766000000.0,,,4408000000.0,2693000000.0,3909000000.0,3909000000.0,3858000000.0,,,0.0,,,991000000.0,,35601000000.0,,,,,,,,,,,,,,,,,,,,,,,,51000000.0,,,1146000000.0,,,,,,,,,,,
2020-01-31,,,,,,,,,,,,,,,,,,,,,,,,,,,,,,,,,,,,,3433000000.0,,,3433000000.0,,,,,,,,,,,,,,,,,,,,,,,,,,,-23000000.0,6197000000.0,,,,,,CRM,,,,,,,1963000000.0,,,,,,,,916000000.0,,,,,,,,,,,,,,,,,,,,,,,,,,,,,,,,,,,,,,,,
2023-12-31,148500074.0,172075373.0,,9702000000.0,5565000000.0,47265000000.0,17933000000.0,5565000000.0,1784000000.0,39347000000.0,47265000000.0,41240000000.0,39347000000.0,-840000000.0,-840000000.0,32343000000.0,2000000.0,2000000.0,81971000000.0,80731000000.0,65130000000.0,,3506000000.0,,3506000000.0,9702000000.0,1784000000.0,7918000000.0,1240000000.0,,,,,,,1240000000.0,,,,,123211000000.0,104038000000.0,59946000000.0,7777000000.0,2756000000.0,33782000000.0,18258000000.0,15524000000.0,2533000000.0,-1439000000.0,3972000000.0,1036000000.0,1421000000.0,1379000000.0,64000000.0,6000000.0,0.0,19173000000.0,,,,,,,3916000000.0,3916000000.0,,,10607000000.0,1871000000.0,8736000000.0,,,BLK,23575299.0,,,,,,844000000.0,4177000000.0,1975000000.0,,1893000000.0,,,66000000.0,,11991000000.0,19833000000.0,,,,,,205000000.0,2393000000.0,,,,,,,,,,,,,,,,,617000000.0,,,,1585000000.0,4650000000.0,,,,,,,,,
2022-12-31,149756492.0,172075373.0,,8489000000.0,4101000000.0,44398000000.0,16573000000.0,4101000000.0,1835000000.0,37744000000.0,44398000000.0,38785000000.0,37744000000.0,-1101000000.0,-1101000000.0,29876000000.0,2000000.0,2000000.0,78843000000.0,77549000000.0,63407000000.0,,3381000000.0,,3381000000.0,8489000000.0,1835000000.0,6654000000.0,1294000000.0,,,,,,,1294000000.0,,,,,117628000000.0,99761000000.0,57527000000.0,6044000000.0,1895000000.0,33643000000.0,18302000000.0,15341000000.0,2547000000.0,-1390000000.0,3937000000.0,613000000.0,1516000000.0,1321000000.0,64000000.0,6000000.0,0.0,17867000000.0,,,,,,,3264000000.0,3264000000.0,,,8747000000.0,1331000000.0,7416000000.0,,,BLK,22318881.0,,,,,,844000000.0,3305000000.0,1550000000.0,,1041000000.0,,,417000000.0,,10805000000.0,19772000000.0,,,,,,,2272000000.0,,,,,,,,,,,,,,,,,544000000.0,,,,1211000000.0,5856000000.0,,,,,,,,,
2021-12-31,151684491.0,172075373.0,,9318000000.0,3889000000.0,45139000000.0,18796000000.0,3889000000.0,1872000000.0,37693000000.0,45139000000.0,38893000000.0,37693000000.0,-550000000.0,-550000000.0,27688000000.0,2000000.0,2000000.0,113755000000.0,112358000000.0,97331000000.0,,2758000000.0,,2758000000.0,9318000000.0,1872000000.0,7446000000.0,1397000000.0,,,,,,,1397000000.0,,,,,152648000000.0,132455000000.0,89006000000.0,7262000000.0,,33804000000.0,18453000000.0,15351000000.0,2383000000.0,-1256000000.0,3639000000.0,614000000.0,1621000000.0,1175000000.0,64000000.0,6000000.0,0.0,20193000000.0,,,,,,,3789000000.0,3789000000.0,,,9323000000.0,,9323000000.0,,,BLK,20390882.0,,,,,,,,,,1200000000.0,,,159000000.0,,9087000000.0,19640000000.0,,,,,,,2951000000.0,,,,,,,,,,,,,,,,,,,,,,7081000000.0,,,,,,,,,
2020-12-31,152532885.0,172075373.0,,8019000000.0,2469000000.0,42547000000.0,27678000000.0,2469000000.0,755000000.0,35283000000.0,42547000000.0,37656000000.0,35283000000.0,-337000000.0,-337000000.0,24334000000.0,2000000.0,2000000.0,139326000000.0,138298000000.0,124107000000.0,,3673000000.0,,3673000000.0,8019000000.0,755000000.0,7264000000.0,1028000000.0,,,,,,,1028000000.0,,,,,176982000000.0,148276000000.0,107213000000.0,6919000000.0,,32814000000.0,18263000000.0,14551000000.0,1330000000.0,-1098000000.0,2428000000.0,593000000.0,649000000.0,1071000000.0,63000000.0,6000000.0,0.0,28706000000.0,,,,,,,3535000000.0,3535000000.0,,,8664000000.0,,8664000000.0,,,BLK,19542488.0,,,,,,,,,,2373000000.0,0.0,,46000000.0,,8009000000.0,19293000000.0,,,,,,,2499000000.0,,,,,2322000000.0,,,,,,,,,,,,,,,,,16507000000.0,,,,,,,,,
2023-12-31,899379000.0,949781000.0,22406700000.0,25225300000.0,-1074400000.0,35997200000.0,-1566200000.0,-1074400000.0,,10771900000.0,29092700000.0,10863700000.0,10771900000.0,-4327000000.0,-4327000000.0,10312300000.0,593600000.0,593600000.0,53142600000.0,25849400000.0,2240600000.0,3849200000.0,,,,18320800000.0,,18320800000.0,27293200000.0,3281300000.0,,,6904500000.0,6904500000.0,1650400000.0,15457000000.0,3768000000.0,,,2598800000.0,64006300000.0,38279300000.0,4989900000.0,3052200000.0,1570300000.0,11846300000.0,6906600000.0,4939700000.0,12913600000.0,-11099300000.0,24012900000.0,,10329000000.0,,8280000000.0,319800000.0,0.0,25727000000.0,149500000.0,,5772800000.0,791700000.0,3248600000.0,1630100000.0,11336200000.0,9090500000.0,-14800000.0,9105300000.0,2927700000.0,109100000.0,2818600000.0,1088400000.0,1730200000.0,LLY,50402000.0,,,,5477300000.0,5477300000.0,,1481900000.0,1267600000.0,2245700000.0,91800000.0,,,5084100000.0,5540800000.0,44200000.0,7250400000.0,11689000000.0,102400000.0,,,,,1438800000.0,,,,,,,,,,,,,,,,,214300000.0,,,,,,-3013200000.0,1438800000.0,1169200000.0,,,,,,
2022-12-31,950182000.0,950632000.0,14171600000.0,16238600000.0,-629800000.0,26888400000.0,896300000.0,-629800000.0,,10649800000.0,25387300000.0,10775400000.0,10649800000.0,-3844600000.0,-3844600000.0,10042600000.0,594100000.0,594100000.0,38714400000.0,21576200000.0,1824000000.0,3709600000.0,87300000.0,,87300000.0,14737500000.0,,14737500000.0,17138200000.0,2845400000.0,,,1501100000.0,1501100000.0,1059800000.0,11731900000.0,2947800000.0,475100000.0,475100000.0,1930600000.0,49489800000.0,31455300000.0,4337000000.0,2901800000.0,1259500000.0,11279600000.0,7206600000.0,4073000000.0,10144000000.0,-10233400000.0,20377400000.0,,9406300000.0,,7915900000.0,256600000.0,0.0,18034500000.0,7300000.0,,4309700000.0,901200000.0,2597700000.0,801900000.0,8558900000.0,6896000000.0,-16000000.0,6912000000.0,2211800000.0,144800000.0,2067000000.0,657400000.0,1409600000.0,LLY,450000.0,,,,2792900000.0,2792900000.0,,1642300000.0,1428400000.0,1662900000.0,125600000.0,,,2798600000.0,2946800000.0,50500000.0,6921400000.0,8784100000.0,8900000.0,,,,,1305100000.0,,,,,,,,,,,,,,,,,213900000.0,,,,,,-3013200000.0,1305100000.0,1017200000.0,,,,,,
2021-12-31,953653000.0,954116000.0,13066200000.0,16884700000.0,-2604700000.0,25863900000.0,3399700000.0,-2604700000.0,,8979200000.0,24325600000.0,9154800000.0,8979200000.0,-4343100000.0,-4343100000.0,8958500000.0,596300000.0,596300000.0,39651200000.0,24598500000.0,1644300000.0,3920000000.0,1733700000.0,,1733700000.0,15346400000.0,,15346400000.0,15052700000.0,3027500000.0,,,1538300000.0,1538300000.0,958100000.0,9528800000.0,2683000000.0,126900000.0,126900000.0,1670600000.0,48806000000.0,30353600000.0,4082700000.0,3212600000.0,,11583900000.0,7691900000.0,3892000000.0,8985100000.0,-9976700000.0,18961800000.0,,8937200000.0,,7588100000.0,258700000.0,0.0,18452400000.0,2530600000.0,,3886000000.0,761900000.0,2372700000.0,717200000.0,8127200000.0,6672800000.0,-22500000.0,6695300000.0,3908600000.0,90100000.0,3818500000.0,2379500000.0,1439000000.0,LLY,463000.0,,,,2489300000.0,2489300000.0,,,,1454400000.0,175600000.0,,,2177800000.0,2530600000.0,52700000.0,6833400000.0,6845800000.0,34200000.0,,,,,1954100000.0,,,,,,,,,,,,,,,,,,,,,,,-3013200000.0,1954100000.0,885500000.0,,,,,,
2020-12-31,956590000.0,957077000.0,12938200000.0,16595300000.0,-5574900000.0,22236900000.0,4980500000.0,-5574900000.0,,5641600000.0,22228200000.0,5825200000.0,5641600000.0,-6496400000.0,-6496400000.0,7830200000.0,598200000.0,598200000.0,40807900000.0,28326300000.0,1707500000.0,3837800000.0,2099900000.0,,2099900000.0,16586600000.0,,16586600000.0,12481600000.0,2750300000.0,,,8700000.0,8700000.0,997200000.0,8725400000.0,2872400000.0,495100000.0,495100000.0,1606700000.0,46633100000.0,29171000000.0,3475400000.0,2966800000.0,,11216500000.0,7450000000.0,3766500000.0,8681900000.0,-9570700000.0,18252600000.0,,8560900000.0,8560900000.0,7326100000.0,226800000.0,0.0,17462100000.0,,,3980300000.0,758900000.0,2535400000.0,651200000.0,6929000000.0,5875300000.0,-25900000.0,5901200000.0,3681300000.0,24200000.0,3657100000.0,2097900000.0,1559200000.0,LLY,487000.0,,,,2830400000.0,2830400000.0,,,,1053700000.0,183600000.0,,,2138800000.0,2871500000.0,55700000.0,6778500000.0,5853000000.0,34800000.0,,,,,4094500000.0,,,,,,,,,,,,,,,,,,,,,,,-3013200000.0,4094500000.0,770600000.0,,,,,,
2023-12-31,2407078000.0,3119843000.0,7473000000.0,29332000000.0,-1959000000.0,98106000000.0,7213000000.0,-1959000000.0,,68774000000.0,94655000000.0,68774000000.0,68774000000.0,-12527000000.0,-12527000000.0,153843000000.0,3120000000.0,3120000000.0,98784000000.0,52502000000.0,13398000000.0,2881000000.0,3193000000.0,,3193000000.0,25881000000.0,,25881000000.0,46282000000.0,,,,3451000000.0,3451000000.0,3993000000.0,38838000000.0,12625000000.0,2993000000.0,2993000000.0,9632000000.0,167558000000.0,114063000000.0,14153000000.0,,,70733000000.0,34175000000.0,36558000000.0,19898000000.0,-27878000000.0,47776000000.0,,,28979000000.0,12375000000.0,795000000.0,0.0,53495000000.0,,,11181000000.0,6874000000.0,1952000000.0,2355000000.0,19387000000.0,14873000000.0,-166000000.0,15039000000.0,22927000000.0,1068000000.0,21859000000.0,18519000000.0,3340000000.0,JNJ,712765000.0,,,,9279000000.0,9279000000.0,,,,4514000000.0,,0.0,,5627000000.0,,75662000000.0,153843000000.0,26213000000.0,,,,,,7149000000.0,,,,,,,,0.0,,,,,,,,,,,0.0,,,,,,,,,,,,
2022-12-31,2613597000.0,3119843000.0,26753000000.0,39642000000.0,2268000000.0,116446000000.0,-508000000.0,2268000000.0,,76804000000.0,103690000000.0,76804000000.0,76804000000.0,-12967000000.0,-12967000000.0,128345000000.0,3120000000.0,3120000000.0,110574000000.0,54772000000.0,10146000000.0,4306000000.0,3991000000.0,,3991000000.0,26886000000.0,,26886000000.0,55802000000.0,3590000000.0,,,12756000000.0,12756000000.0,3049000000.0,36407000000.0,12109000000.0,2220000000.0,2220000000.0,9889000000.0,187378000000.0,132084000000.0,30619000000.0,,,74536000000.0,38489000000.0,36047000000.0,17982000000.0,-25552000000.0,43534000000.0,,,26603000000.0,11470000000.0,784000000.0,0.0,55294000000.0,,,10268000000.0,6972000000.0,1577000000.0,1719000000.0,16915000000.0,14039000000.0,-169000000.0,14208000000.0,22281000000.0,9392000000.0,12889000000.0,9198000000.0,3691000000.0,JNJ,506246000.0,,,,8947000000.0,8947000000.0,,,,2876000000.0,,0.0,,4677000000.0,,41694000000.0,128345000000.0,24298000000.0,,,,,,6542000000.0,,,,,,,,5830000000.0,,,,,,,,,,,2901000000.0,,,,,,,,,,,,
2021-12-31,2628965000.0,3119843000.0,19264000000.0,33751000000.0,-7615000000.0,107774000000.0,15753000000.0,-7615000000.0,,74023000000.0,104008000000.0,74023000000.0,74023000000.0,-13058000000.0,-13058000000.0,123060000000.0,3120000000.0,3120000000.0,107995000000.0,62769000000.0,10686000000.0,5713000000.0,7487000000.0,,7487000000.0,29985000000.0,,29985000000.0,45226000000.0,,,,3766000000.0,3766000000.0,3586000000.0,37874000000.0,12167000000.0,1112000000.0,1112000000.0,11055000000.0,182018000000.0,121039000000.0,10216000000.0,,,81638000000.0,46392000000.0,35246000000.0,18962000000.0,-28717000000.0,47679000000.0,,,29774000000.0,12882000000.0,884000000.0,0.0,60979000000.0,3701000000.0,,10387000000.0,6508000000.0,2287000000.0,1592000000.0,18984000000.0,15283000000.0,-230000000.0,15513000000.0,31608000000.0,17121000000.0,14487000000.0,,,JNJ,490878000.0,,,,10223000000.0,10223000000.0,,,,3701000000.0,,0.0,,4139000000.0,3701000000.0,39099000000.0,123060000000.0,25707000000.0,,,,,,8898000000.0,,,,,,,,,,,,,,,,,,,,,,,,,,,,,,,
2020-12-31,2632512000.0,3119843000.0,21281000000.0,35266000000.0,-26517000000.0,98544000000.0,8744000000.0,-26517000000.0,,63278000000.0,95913000000.0,63278000000.0,63278000000.0,-15242000000.0,-15242000000.0,113890000000.0,3120000000.0,3120000000.0,111616000000.0,69123000000.0,11944000000.0,6559000000.0,7214000000.0,,7214000000.0,32635000000.0,,32635000000.0,42493000000.0,,,,2631000000.0,2631000000.0,3484000000.0,36378000000.0,10897000000.0,1392000000.0,1392000000.0,9505000000.0,174894000000.0,123657000000.0,6562000000.0,,,89795000000.0,53402000000.0,36393000000.0,18766000000.0,-28038000000.0,46804000000.0,,,29104000000.0,12502000000.0,882000000.0,0.0,51237000000.0,3132000000.0,,9344000000.0,5894000000.0,2040000000.0,1410000000.0,13576000000.0,13576000000.0,-293000000.0,13869000000.0,25185000000.0,11200000000.0,13985000000.0,,,JNJ,487331000.0,,,,8534000000.0,8534000000.0,,,,,,0.0,,4316000000.0,3132000000.0,38490000000.0,113890000000.0,25481000000.0,,,,,,10771000000.0,,,,,,,,0.0,,,,,,,,,,,,,,,,,,,,,,,
2023-12-31,5646000000.0,9562000000.0,67992000000.0,70845000000.0,-43669000000.0,159859000000.0,-4461000000.0,-43669000000.0,,89014000000.0,149513000000.0,89288000000.0,89014000000.0,-7961000000.0,-217000000.0,118353000000.0,478000000.0,478000000.0,137213000000.0,89419000000.0,16540000000.0,8534000000.0,640000000.0,,640000000.0,60499000000.0,,60499000000.0,47794000000.0,20541000000.0,2700000000.0,2700000000.0,10346000000.0,10346000000.0,2776000000.0,11431000000.0,11431000000.0,2349000000.0,2349000000.0,6710000000.0,226501000000.0,183168000000.0,12471000000.0,15368000000.0,11637000000.0,132683000000.0,64900000000.0,67783000000.0,18940000000.0,-16045000000.0,34985000000.0,,-1000000.0,19662000000.0,9046000000.0,353000000.0,0.0,43333000000.0,5299000000.0,,10189000000.0,3495000000.0,5688000000.0,1007000000.0,15155000000.0,11177000000.0,-470000000.0,11647000000.0,12690000000.0,9837000000.0,2853000000.0,,,PFE,3916000000.0,,2381000000.0,7965000000.0,3706000000.0,3706000000.0,,3731000000.0,3684000000.0,,274000000.0,0.0,1039000000.0,5925000000.0,,114487000000.0,92631000000.0,,,-1000000.0,,,,2167000000.0,,,,,,,,,,,,,,3978000000.0,,,47000000.0,,,,,,,2167000000.0,2372000000.0,-7863000000.0,128000000.0,-9000000.0,,,
2022-12-31,5616000000.0,9519000000.0,34443000000.0,34859000000.0,916000000.0,130520000000.0,9121000000.0,916000000.0,,95661000000.0,127586000000.0,95916000000.0,95661000000.0,-8304000000.0,-412000000.0,125656000000.0,476000000.0,476000000.0,101289000000.0,59151000000.0,13182000000.0,9812000000.0,1023000000.0,,1023000000.0,31925000000.0,,31925000000.0,42138000000.0,22578000000.0,2520000000.0,2520000000.0,2934000000.0,2934000000.0,3407000000.0,10699000000.0,10699000000.0,1587000000.0,1587000000.0,6809000000.0,197205000000.0,145944000000.0,13163000000.0,15069000000.0,11033000000.0,94745000000.0,43370000000.0,51375000000.0,16274000000.0,-15174000000.0,31448000000.0,,1000000.0,17372000000.0,8832000000.0,368000000.0,0.0,51259000000.0,5017000000.0,,8981000000.0,2603000000.0,5519000000.0,859000000.0,14529000000.0,10952000000.0,-449000000.0,11401000000.0,22732000000.0,22316000000.0,416000000.0,,,PFE,3903000000.0,,2934000000.0,0.0,6693000000.0,6693000000.0,,4036000000.0,3988000000.0,,256000000.0,0.0,959000000.0,4875000000.0,,113969000000.0,91802000000.0,,,,,,,2250000000.0,,,,,,,,,,,,,,3577000000.0,,,48000000.0,,,,,,,2250000000.0,2303000000.0,-8360000000.0,248000000.0,220000000.0,,,
2021-12-31,5620000000.0,9471000000.0,35054000000.0,36998000000.0,2847000000.0,114199000000.0,17022000000.0,2847000000.0,,77201000000.0,111958000000.0,77462000000.0,77201000000.0,-5896000000.0,119000000.0,103394000000.0,473000000.0,473000000.0,104014000000.0,61343000000.0,9744000000.0,11331000000.0,349000000.0,,349000000.0,34757000000.0,,34757000000.0,42671000000.0,24938000000.0,3067000000.0,3067000000.0,2241000000.0,2241000000.0,3332000000.0,9093000000.0,9093000000.0,1266000000.0,1266000000.0,5578000000.0,181476000000.0,121782000000.0,7679000000.0,21526000000.0,16472000000.0,74354000000.0,25146000000.0,49208000000.0,14882000000.0,-15074000000.0,29956000000.0,,,16709000000.0,9001000000.0,423000000.0,0.0,59693000000.0,3820000000.0,,9059000000.0,3641000000.0,4424000000.0,994000000.0,15745000000.0,11479000000.0,-492000000.0,11971000000.0,31069000000.0,29125000000.0,1944000000.0,,,PFE,3851000000.0,,2241000000.0,0.0,3341000000.0,3341000000.0,5054000000.0,5054000000.0,5020000000.0,,262000000.0,0.0,1438000000.0,3822000000.0,,111361000000.0,90591000000.0,,,,,,,3724000000.0,,,,,,,,,,,,,,4266000000.0,,,34000000.0,,,,,,1000000.0,3724000000.0,2249000000.0,-6172000000.0,377000000.0,-220000000.0,,,
2020-12-31,5567000000.0,9407000000.0,36488000000.0,38274000000.0,-14654000000.0,101512000000.0,9147000000.0,-14654000000.0,,63238000000.0,98809000000.0,63473000000.0,63238000000.0,-5310000000.0,-5310000000.0,90392000000.0,470000000.0,470000000.0,90756000000.0,64836000000.0,6669000000.0,11560000000.0,4063000000.0,,4063000000.0,35571000000.0,,35571000000.0,25920000000.0,11561000000.0,1113000000.0,1113000000.0,2703000000.0,2703000000.0,3049000000.0,7494000000.0,7494000000.0,1049000000.0,1049000000.0,4283000000.0,154229000000.0,119161000000.0,4879000000.0,20262000000.0,16856000000.0,77892000000.0,28336000000.0,49556000000.0,13745000000.0,-14661000000.0,28406000000.0,,-1000000.0,15484000000.0,8998000000.0,443000000.0,0.0,35067000000.0,3647000000.0,,8020000000.0,2867000000.0,4436000000.0,716000000.0,11177000000.0,7913000000.0,-508000000.0,8421000000.0,12223000000.0,10437000000.0,1786000000.0,,,PFE,3840000000.0,,2147000000.0,556000000.0,2383000000.0,2383000000.0,3406000000.0,,,,235000000.0,0.0,1562000000.0,3481000000.0,,110988000000.0,88674000000.0,,,1000000.0,,,,5411000000.0,,,,,,,,167000000.0,,,,,,3264000000.0,,,,,,,,,,5411000000.0,2162000000.0,,,,,,
2023-12-31,1765940733.0,1823046087.0,46571000000.0,59385000000.0,-77543000000.0,69745000000.0,-4839000000.0,-77543000000.0,,10360000000.0,62554000000.0,10397000000.0,10360000000.0,-2305000000.0,-2305000000.0,-1000000000.0,18000000.0,18000000.0,124314000000.0,86473000000.0,28607000000.0,2182000000.0,1952000000.0,,1952000000.0,52194000000.0,,52194000000.0,37841000000.0,,,,7191000000.0,7191000000.0,,30650000000.0,6471000000.0,,,3688000000.0,134711000000.0,101709000000.0,8513000000.0,304000000.0,,87903000000.0,55610000000.0,32293000000.0,4989000000.0,-6646000000.0,11635000000.0,,,7449000000.0,2827000000.0,286000000.0,0.0,33002000000.0,4932000000.0,,4099000000.0,1356000000.0,1643000000.0,1100000000.0,11155000000.0,11155000000.0,,,12816000000.0,2000000.0,12814000000.0,,,ABBV,57105354.0,,,,,,,,,,37000000.0,,,1073000000.0,,6533000000.0,20180000000.0,24179000000.0,,,,,,1538000000.0,,,,,,,,,,,,,,,,,,,,,,,,1538000000.0,2783000000.0,,,,,,
2022-12-31,1769181294.0,1813770294.0,54070000000.0,63271000000.0,-82341000000.0,80525000000.0,-1075000000.0,-82341000000.0,,17254000000.0,76389000000.0,17287000000.0,17254000000.0,-2199000000.0,-2199000000.0,4784000000.0,18000000.0,18000000.0,121518000000.0,91980000000.0,26032000000.0,2985000000.0,2190000000.0,,2190000000.0,59135000000.0,,59135000000.0,29538000000.0,,,,4136000000.0,4136000000.0,,25402000000.0,5614000000.0,,,2934000000.0,138805000000.0,110342000000.0,5571000000.0,241000000.0,,99595000000.0,67439000000.0,32156000000.0,4935000000.0,-6051000000.0,10986000000.0,,,7107000000.0,2737000000.0,286000000.0,0.0,28463000000.0,4401000000.0,,3579000000.0,1162000000.0,1417000000.0,1000000000.0,11254000000.0,11254000000.0,,,9229000000.0,28000000.0,9201000000.0,,,ABBV,44589000.0,,,,,,,,,,33000000.0,,,856000000.0,,4594000000.0,19245000000.0,19788000000.0,,,,,,1638000000.0,,,,,,,,,,,,,,,,,,,,,,,,1638000000.0,2680000000.0,,,,,,
2021-12-31,1768337696.0,1803195293.0,66938000000.0,76684000000.0,-92922000000.0,92092000000.0,-7266000000.0,-92922000000.0,,15408000000.0,79597000000.0,15436000000.0,15408000000.0,-2899000000.0,-2899000000.0,3127000000.0,18000000.0,18000000.0,131093000000.0,95899000000.0,22106000000.0,3442000000.0,3009000000.0,,3009000000.0,64189000000.0,,64189000000.0,35194000000.0,,,,12495000000.0,12495000000.0,,22699000000.0,5425000000.0,,,2882000000.0,146529000000.0,118601000000.0,4884000000.0,277000000.0,,108330000000.0,75951000000.0,32379000000.0,5110000000.0,-5617000000.0,10727000000.0,,,6850000000.0,2791000000.0,287000000.0,0.0,27928000000.0,4993000000.0,,3128000000.0,932000000.0,1193000000.0,1003000000.0,9977000000.0,9977000000.0,,,9830000000.0,84000000.0,9746000000.0,,,ABBV,34857597.0,,,,,,,,,,28000000.0,,,799000000.0,4993000000.0,3143000000.0,18305000000.0,17274000000.0,,,,,,3153000000.0,,,,,,,,,,,,,,,,,,,,,,,,3153000000.0,2543000000.0,,,,,,
2020-12-31,1765132819.0,1792140764.0,77607000000.0,86056000000.0,-102924000000.0,99132000000.0,-4488000000.0,-102924000000.0,,13076000000.0,90630000000.0,13097000000.0,13076000000.0,-3117000000.0,,1055000000.0,18000000.0,18000000.0,137468000000.0,108807000000.0,20347000000.0,3847000000.0,3646000000.0,,3646000000.0,77554000000.0,,77554000000.0,28661000000.0,,,,8502000000.0,8502000000.0,,20159000000.0,4611000000.0,,,2276000000.0,150565000000.0,126392000000.0,4851000000.0,293000000.0,,116000000000.0,82876000000.0,33124000000.0,5248000000.0,-5611000000.0,10859000000.0,,,6976000000.0,2555000000.0,288000000.0,0.0,24173000000.0,,,3310000000.0,1318000000.0,1201000000.0,791000000.0,8822000000.0,8822000000.0,,,8479000000.0,30000000.0,8449000000.0,,,ABBV,27007945.0,,,,,,,,,,21000000.0,,,1040000000.0,3562000000.0,2264000000.0,17384000000.0,15548000000.0,,,,,,3413000000.0,,,,,,,,,,,,,,,,,,,,,,,,3413000000.0,2335000000.0,,,,,,
2024-07-31,4007000000.0,4007000000.0,23454000000.0,30962000000.0,-24422000000.0,76419000000.0,-3722000000.0,-24422000000.0,,45457000000.0,65078000000.0,45457000000.0,45457000000.0,-1430000000.0,-1430000000.0,1087000000.0,45800000000.0,45800000000.0,78956000000.0,38372000000.0,2540000000.0,3985000000.0,12226000000.0,12226000000.0,,19621000000.0,,19621000000.0,40584000000.0,5643000000.0,16249000000.0,16249000000.0,11341000000.0,11341000000.0,3608000000.0,3743000000.0,3743000000.0,1439000000.0,1439000000.0,2304000000.0,124413000000.0,87551000000.0,5944000000.0,,,69879000000.0,11219000000.0,58660000000.0,2090000000.0,-7783000000.0,9873000000.0,,115000000.0,5511000000.0,,,4247000000.0,36862000000.0,5612000000.0,,3373000000.0,1027000000.0,83000000.0,2255000000.0,10023000000.0,6685000000.0,-87000000.0,6772000000.0,17854000000.0,10346000000.0,7508000000.0,,,CSCO,,,488000000.0,10853000000.0,6262000000.0,6262000000.0,,,,267000000.0,,0.0,,,,,,,,8000000.0,,,3071000000.0,,,,,,,,,,,,,,,,,,,,,,,,,,,,,,2737000000.0,639000000.0,
2023-07-31,4066000000.0,4066000000.0,,8391000000.0,4000000000.0,52744000000.0,12039000000.0,4000000000.0,,44353000000.0,51011000000.0,44353000000.0,44353000000.0,-1575000000.0,-1575000000.0,1639000000.0,44289000000.0,44289000000.0,57499000000.0,26190000000.0,2134000000.0,5756000000.0,11642000000.0,11642000000.0,,6658000000.0,,6658000000.0,31309000000.0,5136000000.0,13908000000.0,13908000000.0,1733000000.0,1733000000.0,3984000000.0,6548000000.0,6548000000.0,4235000000.0,4235000000.0,2313000000.0,101852000000.0,58504000000.0,6007000000.0,,,40353000000.0,1818000000.0,38535000000.0,2085000000.0,-7973000000.0,10058000000.0,,135000000.0,5694000000.0,,,4229000000.0,43348000000.0,4352000000.0,,3644000000.0,1493000000.0,264000000.0,1871000000.0,9206000000.0,5854000000.0,-85000000.0,5939000000.0,26146000000.0,16023000000.0,10123000000.0,,,CSCO,,,1733000000.0,0.0,6576000000.0,6576000000.0,,,,364000000.0,,0.0,,,,,,,,16000000.0,,,2988000000.0,,,,,,,,,,,,,,,,,,,,,,,,,,,,,,2869000000.0,614000000.0,
2022-07-31,4110000000.0,4110000000.0,2436000000.0,9515000000.0,-1100000000.0,49288000000.0,11077000000.0,-1100000000.0,,39773000000.0,48189000000.0,39773000000.0,39773000000.0,-1622000000.0,-1622000000.0,-1319000000.0,42714000000.0,42714000000.0,54229000000.0,28589000000.0,1968000000.0,7725000000.0,10480000000.0,10480000000.0,,8416000000.0,,8416000000.0,25640000000.0,5199000000.0,12784000000.0,12784000000.0,1099000000.0,1099000000.0,3316000000.0,3242000000.0,3242000000.0,961000000.0,961000000.0,2281000000.0,94002000000.0,57285000000.0,5957000000.0,,,40873000000.0,2569000000.0,38304000000.0,1997000000.0,-8168000000.0,10165000000.0,,4832000000.0,1114000000.0,,,4219000000.0,36717000000.0,4355000000.0,,2568000000.0,717000000.0,150000000.0,1691000000.0,10527000000.0,6622000000.0,-83000000.0,6705000000.0,19267000000.0,12188000000.0,7079000000.0,,,CSCO,,,499000000.0,600000000.0,4449000000.0,4449000000.0,,,,3905000000.0,,0.0,,,,,,,,10000000.0,,,2176000000.0,,,,,,,,,,,,,,,,,,,,,,,,,,,,,,2380000000.0,4009000000.0,
2021-07-31,4217000000.0,4217000000.0,2351000000.0,11526000000.0,-512000000.0,52801000000.0,12855000000.0,-512000000.0,,41275000000.0,50293000000.0,41275000000.0,41275000000.0,-417000000.0,-417000000.0,-654000000.0,42346000000.0,42346000000.0,56222000000.0,29965000000.0,2393000000.0,8538000000.0,10016000000.0,10016000000.0,,9018000000.0,,9018000000.0,26257000000.0,4620000000.0,12148000000.0,12148000000.0,2508000000.0,2508000000.0,3818000000.0,3163000000.0,3163000000.0,801000000.0,801000000.0,2362000000.0,97497000000.0,58385000000.0,5016000000.0,,,41787000000.0,3619000000.0,38168000000.0,2338000000.0,-8580000000.0,10918000000.0,,5379000000.0,1235000000.0,,,4304000000.0,39112000000.0,2889000000.0,,1559000000.0,519000000.0,54000000.0,975000000.0,10146000000.0,5766000000.0,-109000000.0,5875000000.0,24518000000.0,15343000000.0,9175000000.0,,,CSCO,,,2508000000.0,0.0,4360000000.0,4360000000.0,,,,2008000000.0,,0.0,,,,,,,,11000000.0,,,2372000000.0,,,,,,,,,,,,,,,,,,,,,,,,,,,,,,2745000000.0,2139000000.0,
2020-07-31,,,2774000000.0,,,,,,,,,,,,,,,,,,,,,,,,,,,,,,,,,,,,,,,,,,,,,,,,,,,,,,,,,,,,,,,,,,,,,,,CSCO,,,,,,,,,,,,,,,,,,,,,,,,,,,,,,,,,,,,,,,,,,,,,,,,,,,,,,,
2023-12-31,909000000.0,1741000000.0,8259000000.0,11223000000.0,12312000000.0,28120000000.0,11802000000.0,12312000000.0,,16897000000.0,27521000000.0,16897000000.0,16897000000.0,-205000000.0,-205000000.0,52283000000.0,1741000000.0,1741000000.0,15451000000.0,12131000000.0,1336000000.0,,63000000.0,,63000000.0,10624000000.0,,10624000000.0,3320000000.0,570000000.0,,,599000000.0,599000000.0,836000000.0,1315000000.0,974000000.0,172000000.0,172000000.0,802000000.0,32348000000.0,17226000000.0,853000000.0,,,4585000000.0,223000000.0,4362000000.0,9999000000.0,-3269000000.0,13268000000.0,,,7569000000.0,5549000000.0,150000000.0,0.0,15122000000.0,264000000.0,,3999000000.0,1470000000.0,2109000000.0,420000000.0,2284000000.0,1787000000.0,-16000000.0,1803000000.0,8575000000.0,5611000000.0,2964000000.0,2163000000.0,801000000.0,TXN,832000000.0,,599000000.0,,757000000.0,757000000.0,,,,,,0.0,,,,40284000000.0,3362000000.0,341000000.0,,,,,,108000000.0,,,,,,,,,,,,,,497000000.0,,,,,,,,,,108000000.0,,,,,,859000000.0,173000000.0
2022-12-31,906000000.0,1741000000.0,5685000000.0,8735000000.0,10063000000.0,23312000000.0,11036000000.0,10063000000.0,344000000.0,14577000000.0,22812000000.0,14577000000.0,14577000000.0,-254000000.0,-254000000.0,50353000000.0,1741000000.0,1741000000.0,12630000000.0,9645000000.0,1226000000.0,302000000.0,66000000.0,,66000000.0,8235000000.0,344000000.0,8235000000.0,2985000000.0,455000000.0,,,500000000.0,500000000.0,799000000.0,1231000000.0,1040000000.0,189000000.0,189000000.0,851000000.0,27207000000.0,13186000000.0,740000000.0,,,4514000000.0,152000000.0,4362000000.0,6876000000.0,-3074000000.0,9950000000.0,,,5664000000.0,4154000000.0,132000000.0,0.0,14021000000.0,302000000.0,,2757000000.0,858000000.0,1546000000.0,353000000.0,1895000000.0,1895000000.0,-13000000.0,1908000000.0,9067000000.0,6017000000.0,3050000000.0,2343000000.0,707000000.0,TXN,835000000.0,,500000000.0,,473000000.0,473000000.0,,,,,,0.0,,,302000000.0,40214000000.0,2951000000.0,191000000.0,,,,,,118000000.0,,,,,,,,,,,,,,0.0,,,,,,,,,,118000000.0,,,,,,395000000.0,188000000.0
2021-12-31,924000000.0,1741000000.0,3110000000.0,8124000000.0,8886000000.0,21074000000.0,11116000000.0,8886000000.0,383000000.0,13333000000.0,20574000000.0,13333000000.0,13333000000.0,-157000000.0,-157000000.0,45919000000.0,1741000000.0,1741000000.0,11343000000.0,8774000000.0,186000000.0,403000000.0,482000000.0,,87000000.0,7624000000.0,383000000.0,7241000000.0,2569000000.0,520000000.0,,,500000000.0,500000000.0,775000000.0,774000000.0,692000000.0,121000000.0,121000000.0,571000000.0,24676000000.0,10991000000.0,748000000.0,,,4447000000.0,85000000.0,4362000000.0,5141000000.0,-2717000000.0,7858000000.0,,,4236000000.0,3490000000.0,132000000.0,0.0,13685000000.0,335000000.0,,1910000000.0,598000000.0,1067000000.0,245000000.0,1701000000.0,1701000000.0,-8000000.0,1709000000.0,9739000000.0,5108000000.0,4631000000.0,3826000000.0,805000000.0,TXN,817000000.0,,500000000.0,,263000000.0,263000000.0,,,,,,0.0,,,335000000.0,36800000000.0,2630000000.0,82000000.0,,,,,,79000000.0,,,,,,,,,,,,,,,,,,,,,,,,79000000.0,,,,,,,392000000.0
2020-12-31,919354152.0,1740815939.0,3691000000.0,7047000000.0,4703000000.0,15985000000.0,7849000000.0,4703000000.0,249000000.0,9187000000.0,15435000000.0,9187000000.0,9187000000.0,-360000000.0,-360000000.0,42051000000.0,1741000000.0,1741000000.0,10164000000.0,7774000000.0,249000000.0,457000000.0,440000000.0,,90000000.0,6497000000.0,249000000.0,6248000000.0,2390000000.0,,,,550000000.0,550000000.0,767000000.0,1073000000.0,549000000.0,134000000.0,134000000.0,415000000.0,19351000000.0,9112000000.0,770000000.0,49000000.0,,4484000000.0,122000000.0,4362000000.0,3269000000.0,-2512000000.0,5781000000.0,,,3085000000.0,2571000000.0,125000000.0,0.0,10239000000.0,302000000.0,,1955000000.0,811000000.0,964000000.0,180000000.0,1414000000.0,1414000000.0,-11000000.0,1425000000.0,6568000000.0,3461000000.0,3107000000.0,2482000000.0,625000000.0,TXN,821461787.0,,550000000.0,,343000000.0,343000000.0,,,,,,0.0,,,302000000.0,36578000000.0,2333000000.0,524000000.0,,,,,,131000000.0,,,,,,,,,,,,,,,,,,,,,,,,131000000.0,,,,,,,246000000.0
2023-12-31,7895457665.0,7895457665.0,,334302000000.0,194228000000.0,597551000000.0,,222625000000.0,,263249000000.0,593850000000.0,291646000000.0,291646000000.0,-17788000000.0,-17788000000.0,224672000000.0,84762000000.0,56365000000.0,2888505000000.0,,,,,,,302204000000.0,,302204000000.0,,,,,32098000000.0,32098000000.0,,,,,,,3180151000000.0,,,1017946000000.0,,69021000000.0,,69021000000.0,11855000000.0,,,,,,,,,,,,,,,,96697000000.0,81881000000.0,,,,266649000000.0,341419000000.0,,27892000000.0,BAC,,,32098000000.0,,,,,,10203000000.0,14816000000.0,,28397000000.0,43432000000.0,,,,,,,,,,,,,,,,,,146539000000.0,,,,,1209000000.0,,,409797858.0,28397000000.0,594555000000.0,622043000000.0,,,,,,,,,,,,,
2022-12-31,7996777943.0,7996777943.0,65452000000.0,302914000000.0,175778000000.0,547714000000.0,,204175000000.0,,244800000000.0,549179000000.0,273197000000.0,273197000000.0,-21156000000.0,-21156000000.0,207003000000.0,87350000000.0,58953000000.0,2778178000000.0,,,,,,,275982000000.0,,275982000000.0,,,,,26932000000.0,26932000000.0,,222533000000.0,,,,,3051375000000.0,,,1043422000000.0,,69022000000.0,,69022000000.0,11510000000.0,,,,,,,,,,,,,,,,81135000000.0,67543000000.0,,,,220788000000.0,237462000000.0,,30334000000.0,BAC,,,26932000000.0,,,,,,9206000000.0,13592000000.0,,28397000000.0,44816000000.0,,,,,222533000000.0,,,,,,,,,,,,,180603000000.0,,,,,1540000000.0,,,406711800.0,28397000000.0,632825000000.0,505036000000.0,,,,,,,,,,,,,
2021-12-31,8077831463.0,8077831463.0,,303870000000.0,176336000000.0,549228000000.0,,201044000000.0,,245358000000.0,550183000000.0,270066000000.0,270066000000.0,-5104000000.0,-5104000000.0,188064000000.0,87106000000.0,62398000000.0,2899429000000.0,,,,,,,280117000000.0,,280117000000.0,,,,,23753000000.0,23753000000.0,,198963000000.0,,,,,3169495000000.0,,,1126273000000.0,,69022000000.0,,69022000000.0,10833000000.0,,,,,,,,,,,,,,,,87020000000.0,72263000000.0,,,,299178000000.0,355365000000.0,,29222000000.0,BAC,,,23753000000.0,,,,,,8895000000.0,14757000000.0,,24708000000.0,37675000000.0,,,,,198963000000.0,,,,,,,,,,,,,143646000000.0,,,,,1456000000.0,,,,24708000000.0,674554000000.0,606085000000.0,,,,,,,,,,,,,
2020-12-31,8650814105.0,8650814105.0,,282255000000.0,179463000000.0,530669000000.0,,203973000000.0,,248414000000.0,535858000000.0,272924000000.0,272924000000.0,-1656000000.0,-1656000000.0,164088000000.0,110492000000.0,85982000000.0,2546703000000.0,,,,,,,262934000000.0,,262934000000.0,,,,,19321000000.0,19321000000.0,,179921000000.0,,,,,2819627000000.0,,,792194000000.0,,68951000000.0,,68951000000.0,11000000000.0,,,,,,,,,,,,,,,,81157000000.0,64221000000.0,,,,234491000000.0,387009000000.0,,36430000000.0,BAC,,,19321000000.0,,,,,,12110000000.0,16936000000.0,,24510000000.0,45526000000.0,,,,,179921000000.0,,,,,,,,,,,,,107344000000.0,,,,,1878000000.0,,,250320600.0,24510000000.0,438249000000.0,691067000000.0,,,,,,,,,,,,,
